Date,Price,Zone
6/1/2020 12:00:00 AM,12.095000,LZ_AEN
6/1/2020 12:00:00 AM,12.095000,LZ_CPS
6/1/2020 12:00:00 AM,12.095000,LZ_HOUSTON
6/1/2020 12:00:00 AM,12.095000,LZ_LCRA
6/1/2020 12:00:00 AM,12.095000,LZ_NORTH
6/1/2020 12:00:00 AM,12.095000,LZ_RAYBN
6/1/2020 12:00:00 AM,12.095000,LZ_SOUTH
6/1/2020 12:00:00 AM,12.095000,LZ_WEST
6/1/2020 1:00:00 AM,12.130000,LZ_AEN
6/1/2020 1:00:00 AM,12.130000,LZ_CPS
6/1/2020 1:00:00 AM,12.130000,LZ_HOUSTON
6/1/2020 1:00:00 AM,12.130000,LZ_LCRA
6/1/2020 1:00:00 AM,12.130000,LZ_NORTH
6/1/2020 1:00:00 AM,12.130000,LZ_RAYBN
6/1/2020 1:00:00 AM,12.130000,LZ_SOUTH
6/1/2020 1:00:00 AM,12.130000,LZ_WEST
6/1/2020 2:00:00 AM,11.905000,LZ_AEN
6/1/2020 2:00:00 AM,11.905000,LZ_CPS
6/1/2020 2:00:00 AM,11.905000,LZ_HOUSTON
6/1/2020 2:00:00 AM,11.905000,LZ_LCRA
6/1/2020 2:00:00 AM,11.905000,LZ_NORTH
6/1/2020 2:00:00 AM,11.905000,LZ_RAYBN
6/1/2020 2:00:00 AM,11.905000,LZ_SOUTH
6/1/2020 2:00:00 AM,11.905000,LZ_WEST
6/1/2020 3:00:00 AM,12.392500,LZ_AEN
6/1/2020 3:00:00 AM,12.392500,LZ_CPS
6/1/2020 3:00:00 AM,12.392500,LZ_HOUSTON
6/1/2020 3:00:00 AM,12.392500,LZ_LCRA
6/1/2020 3:00:00 AM,12.392500,LZ_NORTH
6/1/2020 3:00:00 AM,12.392500,LZ_RAYBN
6/1/2020 3:00:00 AM,12.392500,LZ_SOUTH
6/1/2020 3:00:00 AM,12.392500,LZ_WEST
6/1/2020 4:00:00 AM,12.837500,LZ_AEN
6/1/2020 4:00:00 AM,12.837500,LZ_CPS
6/1/2020 4:00:00 AM,12.837500,LZ_HOUSTON
6/1/2020 4:00:00 AM,12.837500,LZ_LCRA
6/1/2020 4:00:00 AM,12.837500,LZ_NORTH
6/1/2020 4:00:00 AM,12.837500,LZ_RAYBN
6/1/2020 4:00:00 AM,12.837500,LZ_SOUTH
6/1/2020 4:00:00 AM,12.837500,LZ_WEST
6/1/2020 5:00:00 AM,12.397500,LZ_AEN
6/1/2020 5:00:00 AM,12.397500,LZ_CPS
6/1/2020 5:00:00 AM,12.397500,LZ_HOUSTON
6/1/2020 5:00:00 AM,12.397500,LZ_LCRA
6/1/2020 5:00:00 AM,12.397500,LZ_NORTH
6/1/2020 5:00:00 AM,12.397500,LZ_RAYBN
6/1/2020 5:00:00 AM,12.397500,LZ_SOUTH
6/1/2020 5:00:00 AM,12.397500,LZ_WEST
6/1/2020 6:00:00 AM,13.700000,LZ_AEN
6/1/2020 6:00:00 AM,13.700000,LZ_CPS
6/1/2020 6:00:00 AM,13.700000,LZ_HOUSTON
6/1/2020 6:00:00 AM,13.700000,LZ_LCRA
6/1/2020 6:00:00 AM,13.700000,LZ_NORTH
6/1/2020 6:00:00 AM,13.700000,LZ_RAYBN
6/1/2020 6:00:00 AM,13.700000,LZ_SOUTH
6/1/2020 6:00:00 AM,13.700000,LZ_WEST
6/1/2020 7:00:00 AM,14.892500,LZ_AEN
6/1/2020 7:00:00 AM,14.892500,LZ_CPS
6/1/2020 7:00:00 AM,14.892500,LZ_HOUSTON
6/1/2020 7:00:00 AM,14.892500,LZ_LCRA
6/1/2020 7:00:00 AM,14.892500,LZ_NORTH
6/1/2020 7:00:00 AM,14.892500,LZ_RAYBN
6/1/2020 7:00:00 AM,14.892500,LZ_SOUTH
6/1/2020 7:00:00 AM,14.892500,LZ_WEST
6/1/2020 8:00:00 AM,16.155000,LZ_AEN
6/1/2020 8:00:00 AM,16.155000,LZ_CPS
6/1/2020 8:00:00 AM,16.155000,LZ_HOUSTON
6/1/2020 8:00:00 AM,16.155000,LZ_LCRA
6/1/2020 8:00:00 AM,16.155000,LZ_NORTH
6/1/2020 8:00:00 AM,16.155000,LZ_RAYBN
6/1/2020 8:00:00 AM,16.155000,LZ_SOUTH
6/1/2020 8:00:00 AM,16.155000,LZ_WEST
6/1/2020 9:00:00 AM,16.582500,LZ_AEN
6/1/2020 9:00:00 AM,16.582500,LZ_CPS
6/1/2020 9:00:00 AM,16.582500,LZ_HOUSTON
6/1/2020 9:00:00 AM,16.582500,LZ_LCRA
6/1/2020 9:00:00 AM,16.582500,LZ_NORTH
6/1/2020 9:00:00 AM,16.582500,LZ_RAYBN
6/1/2020 9:00:00 AM,16.582500,LZ_SOUTH
6/1/2020 9:00:00 AM,16.582500,LZ_WEST
6/1/2020 10:00:00 AM,16.792500,LZ_AEN
6/1/2020 10:00:00 AM,16.792500,LZ_CPS
6/1/2020 10:00:00 AM,16.792500,LZ_HOUSTON
6/1/2020 10:00:00 AM,16.792500,LZ_LCRA
6/1/2020 10:00:00 AM,16.792500,LZ_NORTH
6/1/2020 10:00:00 AM,16.792500,LZ_RAYBN
6/1/2020 10:00:00 AM,16.792500,LZ_SOUTH
6/1/2020 10:00:00 AM,16.792500,LZ_WEST
6/1/2020 11:00:00 AM,17.200000,LZ_AEN
6/1/2020 11:00:00 AM,17.200000,LZ_CPS
6/1/2020 11:00:00 AM,17.200000,LZ_HOUSTON
6/1/2020 11:00:00 AM,17.200000,LZ_LCRA
6/1/2020 11:00:00 AM,17.200000,LZ_NORTH
6/1/2020 11:00:00 AM,17.200000,LZ_RAYBN
6/1/2020 11:00:00 AM,17.200000,LZ_SOUTH
6/1/2020 11:00:00 AM,17.200000,LZ_WEST
6/1/2020 12:00:00 PM,17.965000,LZ_AEN
6/1/2020 12:00:00 PM,17.965000,LZ_CPS
6/1/2020 12:00:00 PM,17.965000,LZ_HOUSTON
6/1/2020 12:00:00 PM,17.965000,LZ_LCRA
6/1/2020 12:00:00 PM,17.965000,LZ_NORTH
6/1/2020 12:00:00 PM,17.965000,LZ_RAYBN
6/1/2020 12:00:00 PM,17.965000,LZ_SOUTH
6/1/2020 12:00:00 PM,17.965000,LZ_WEST
6/1/2020 1:00:00 PM,17.877500,LZ_AEN
6/1/2020 1:00:00 PM,17.877500,LZ_CPS
6/1/2020 1:00:00 PM,17.877500,LZ_HOUSTON
6/1/2020 1:00:00 PM,17.877500,LZ_LCRA
6/1/2020 1:00:00 PM,17.877500,LZ_NORTH
6/1/2020 1:00:00 PM,17.877500,LZ_RAYBN
6/1/2020 1:00:00 PM,17.877500,LZ_SOUTH
6/1/2020 1:00:00 PM,17.877500,LZ_WEST
6/1/2020 2:00:00 PM,18.250000,LZ_AEN
6/1/2020 2:00:00 PM,18.250000,LZ_CPS
6/1/2020 2:00:00 PM,18.250000,LZ_HOUSTON
6/1/2020 2:00:00 PM,18.250000,LZ_LCRA
6/1/2020 2:00:00 PM,18.250000,LZ_NORTH
6/1/2020 2:00:00 PM,18.250000,LZ_RAYBN
6/1/2020 2:00:00 PM,18.250000,LZ_SOUTH
6/1/2020 2:00:00 PM,18.250000,LZ_WEST
6/1/2020 3:00:00 PM,18.182500,LZ_AEN
6/1/2020 3:00:00 PM,18.195000,LZ_CPS
6/1/2020 3:00:00 PM,18.162500,LZ_HOUSTON
6/1/2020 3:00:00 PM,18.182500,LZ_LCRA
6/1/2020 3:00:00 PM,18.177500,LZ_NORTH
6/1/2020 3:00:00 PM,18.177500,LZ_RAYBN
6/1/2020 3:00:00 PM,18.785000,LZ_SOUTH
6/1/2020 3:00:00 PM,18.185000,LZ_WEST
6/1/2020 4:00:00 PM,17.280000,LZ_AEN
6/1/2020 4:00:00 PM,17.297500,LZ_CPS
6/1/2020 4:00:00 PM,17.250000,LZ_HOUSTON
6/1/2020 4:00:00 PM,17.275000,LZ_LCRA
6/1/2020 4:00:00 PM,17.272500,LZ_NORTH
6/1/2020 4:00:00 PM,17.272500,LZ_RAYBN
6/1/2020 4:00:00 PM,18.117500,LZ_SOUTH
6/1/2020 4:00:00 PM,17.282500,LZ_WEST
6/1/2020 5:00:00 PM,16.655000,LZ_AEN
6/1/2020 5:00:00 PM,16.655000,LZ_CPS
6/1/2020 5:00:00 PM,16.655000,LZ_HOUSTON
6/1/2020 5:00:00 PM,16.655000,LZ_LCRA
6/1/2020 5:00:00 PM,16.655000,LZ_NORTH
6/1/2020 5:00:00 PM,16.655000,LZ_RAYBN
6/1/2020 5:00:00 PM,16.657500,LZ_SOUTH
6/1/2020 5:00:00 PM,16.655000,LZ_WEST
6/1/2020 6:00:00 PM,15.627500,LZ_AEN
6/1/2020 6:00:00 PM,15.627500,LZ_CPS
6/1/2020 6:00:00 PM,15.627500,LZ_HOUSTON
6/1/2020 6:00:00 PM,15.627500,LZ_LCRA
6/1/2020 6:00:00 PM,15.627500,LZ_NORTH
6/1/2020 6:00:00 PM,15.627500,LZ_RAYBN
6/1/2020 6:00:00 PM,15.627500,LZ_SOUTH
6/1/2020 6:00:00 PM,15.625000,LZ_WEST
6/1/2020 7:00:00 PM,15.745000,LZ_AEN
6/1/2020 7:00:00 PM,15.745000,LZ_CPS
6/1/2020 7:00:00 PM,15.745000,LZ_HOUSTON
6/1/2020 7:00:00 PM,15.745000,LZ_LCRA
6/1/2020 7:00:00 PM,15.745000,LZ_NORTH
6/1/2020 7:00:00 PM,15.745000,LZ_RAYBN
6/1/2020 7:00:00 PM,15.745000,LZ_SOUTH
6/1/2020 7:00:00 PM,15.712500,LZ_WEST
6/1/2020 8:00:00 PM,16.810000,LZ_AEN
6/1/2020 8:00:00 PM,16.810000,LZ_CPS
6/1/2020 8:00:00 PM,16.810000,LZ_HOUSTON
6/1/2020 8:00:00 PM,16.810000,LZ_LCRA
6/1/2020 8:00:00 PM,16.810000,LZ_NORTH
6/1/2020 8:00:00 PM,16.810000,LZ_RAYBN
6/1/2020 8:00:00 PM,16.810000,LZ_SOUTH
6/1/2020 8:00:00 PM,16.777500,LZ_WEST
6/1/2020 9:00:00 PM,16.945000,LZ_AEN
6/1/2020 9:00:00 PM,16.945000,LZ_CPS
6/1/2020 9:00:00 PM,16.945000,LZ_HOUSTON
6/1/2020 9:00:00 PM,16.945000,LZ_LCRA
6/1/2020 9:00:00 PM,16.945000,LZ_NORTH
6/1/2020 9:00:00 PM,16.945000,LZ_RAYBN
6/1/2020 9:00:00 PM,16.945000,LZ_SOUTH
6/1/2020 9:00:00 PM,16.912500,LZ_WEST
6/1/2020 10:00:00 PM,15.902500,LZ_AEN
6/1/2020 10:00:00 PM,15.902500,LZ_CPS
6/1/2020 10:00:00 PM,15.902500,LZ_HOUSTON
6/1/2020 10:00:00 PM,15.902500,LZ_LCRA
6/1/2020 10:00:00 PM,15.902500,LZ_NORTH
6/1/2020 10:00:00 PM,15.902500,LZ_RAYBN
6/1/2020 10:00:00 PM,15.902500,LZ_SOUTH
6/1/2020 10:00:00 PM,15.865000,LZ_WEST
6/1/2020 11:00:00 PM,15.410000,LZ_AEN
6/1/2020 11:00:00 PM,15.410000,LZ_CPS
6/1/2020 11:00:00 PM,15.410000,LZ_HOUSTON
6/1/2020 11:00:00 PM,15.410000,LZ_LCRA
6/1/2020 11:00:00 PM,15.410000,LZ_NORTH
6/1/2020 11:00:00 PM,15.410000,LZ_RAYBN
6/1/2020 11:00:00 PM,15.410000,LZ_SOUTH
6/1/2020 11:00:00 PM,15.370000,LZ_WEST
6/2/2020 12:00:00 AM,15.007500,LZ_AEN
6/2/2020 12:00:00 AM,15.007500,LZ_CPS
6/2/2020 12:00:00 AM,15.007500,LZ_HOUSTON
6/2/2020 12:00:00 AM,15.007500,LZ_LCRA
6/2/2020 12:00:00 AM,15.007500,LZ_NORTH
6/2/2020 12:00:00 AM,15.007500,LZ_RAYBN
6/2/2020 12:00:00 AM,15.007500,LZ_SOUTH
6/2/2020 12:00:00 AM,14.970000,LZ_WEST
6/2/2020 1:00:00 AM,13.257500,LZ_AEN
6/2/2020 1:00:00 AM,13.257500,LZ_CPS
6/2/2020 1:00:00 AM,13.257500,LZ_HOUSTON
6/2/2020 1:00:00 AM,13.257500,LZ_LCRA
6/2/2020 1:00:00 AM,13.257500,LZ_NORTH
6/2/2020 1:00:00 AM,13.257500,LZ_RAYBN
6/2/2020 1:00:00 AM,13.257500,LZ_SOUTH
6/2/2020 1:00:00 AM,13.225000,LZ_WEST
6/2/2020 2:00:00 AM,11.772500,LZ_AEN
6/2/2020 2:00:00 AM,11.772500,LZ_CPS
6/2/2020 2:00:00 AM,11.772500,LZ_HOUSTON
6/2/2020 2:00:00 AM,11.772500,LZ_LCRA
6/2/2020 2:00:00 AM,11.772500,LZ_NORTH
6/2/2020 2:00:00 AM,11.772500,LZ_RAYBN
6/2/2020 2:00:00 AM,11.772500,LZ_SOUTH
6/2/2020 2:00:00 AM,11.745000,LZ_WEST
6/2/2020 3:00:00 AM,10.895000,LZ_AEN
6/2/2020 3:00:00 AM,10.895000,LZ_CPS
6/2/2020 3:00:00 AM,10.895000,LZ_HOUSTON
6/2/2020 3:00:00 AM,10.895000,LZ_LCRA
6/2/2020 3:00:00 AM,10.895000,LZ_NORTH
6/2/2020 3:00:00 AM,10.895000,LZ_RAYBN
6/2/2020 3:00:00 AM,10.895000,LZ_SOUTH
6/2/2020 3:00:00 AM,10.882500,LZ_WEST
6/2/2020 4:00:00 AM,10.872500,LZ_AEN
6/2/2020 4:00:00 AM,10.872500,LZ_CPS
6/2/2020 4:00:00 AM,10.872500,LZ_HOUSTON
6/2/2020 4:00:00 AM,10.872500,LZ_LCRA
6/2/2020 4:00:00 AM,10.872500,LZ_NORTH
6/2/2020 4:00:00 AM,10.872500,LZ_RAYBN
6/2/2020 4:00:00 AM,10.872500,LZ_SOUTH
6/2/2020 4:00:00 AM,10.862500,LZ_WEST
6/2/2020 5:00:00 AM,11.615000,LZ_AEN
6/2/2020 5:00:00 AM,11.615000,LZ_CPS
6/2/2020 5:00:00 AM,11.615000,LZ_HOUSTON
6/2/2020 5:00:00 AM,11.615000,LZ_LCRA
6/2/2020 5:00:00 AM,11.615000,LZ_NORTH
6/2/2020 5:00:00 AM,11.615000,LZ_RAYBN
6/2/2020 5:00:00 AM,11.615000,LZ_SOUTH
6/2/2020 5:00:00 AM,11.615000,LZ_WEST
6/2/2020 6:00:00 AM,12.520000,LZ_AEN
6/2/2020 6:00:00 AM,12.520000,LZ_CPS
6/2/2020 6:00:00 AM,12.520000,LZ_HOUSTON
6/2/2020 6:00:00 AM,12.520000,LZ_LCRA
6/2/2020 6:00:00 AM,12.520000,LZ_NORTH
6/2/2020 6:00:00 AM,12.520000,LZ_RAYBN
6/2/2020 6:00:00 AM,12.520000,LZ_SOUTH
6/2/2020 6:00:00 AM,12.520000,LZ_WEST
6/2/2020 7:00:00 AM,13.257500,LZ_AEN
6/2/2020 7:00:00 AM,13.257500,LZ_CPS
6/2/2020 7:00:00 AM,13.257500,LZ_HOUSTON
6/2/2020 7:00:00 AM,13.257500,LZ_LCRA
6/2/2020 7:00:00 AM,13.257500,LZ_NORTH
6/2/2020 7:00:00 AM,13.257500,LZ_RAYBN
6/2/2020 7:00:00 AM,13.257500,LZ_SOUTH
6/2/2020 7:00:00 AM,13.257500,LZ_WEST
6/2/2020 8:00:00 AM,13.767500,LZ_AEN
6/2/2020 8:00:00 AM,13.767500,LZ_CPS
6/2/2020 8:00:00 AM,13.767500,LZ_HOUSTON
6/2/2020 8:00:00 AM,13.767500,LZ_LCRA
6/2/2020 8:00:00 AM,13.767500,LZ_NORTH
6/2/2020 8:00:00 AM,13.767500,LZ_RAYBN
6/2/2020 8:00:00 AM,13.767500,LZ_SOUTH
6/2/2020 8:00:00 AM,13.767500,LZ_WEST
6/2/2020 9:00:00 AM,15.477500,LZ_AEN
6/2/2020 9:00:00 AM,15.477500,LZ_CPS
6/2/2020 9:00:00 AM,15.477500,LZ_HOUSTON
6/2/2020 9:00:00 AM,15.477500,LZ_LCRA
6/2/2020 9:00:00 AM,15.477500,LZ_NORTH
6/2/2020 9:00:00 AM,15.477500,LZ_RAYBN
6/2/2020 9:00:00 AM,15.477500,LZ_SOUTH
6/2/2020 9:00:00 AM,15.477500,LZ_WEST
6/2/2020 10:00:00 AM,17.300000,LZ_AEN
6/2/2020 10:00:00 AM,17.307500,LZ_CPS
6/2/2020 10:00:00 AM,17.300000,LZ_HOUSTON
6/2/2020 10:00:00 AM,17.300000,LZ_LCRA
6/2/2020 10:00:00 AM,17.300000,LZ_NORTH
6/2/2020 10:00:00 AM,17.300000,LZ_RAYBN
6/2/2020 10:00:00 AM,17.300000,LZ_SOUTH
6/2/2020 10:00:00 AM,17.300000,LZ_WEST
6/2/2020 11:00:00 AM,19.087500,LZ_AEN
6/2/2020 11:00:00 AM,20.267500,LZ_CPS
6/2/2020 11:00:00 AM,19.972500,LZ_HOUSTON
6/2/2020 11:00:00 AM,19.507500,LZ_LCRA
6/2/2020 11:00:00 AM,19.750000,LZ_NORTH
6/2/2020 11:00:00 AM,19.767500,LZ_RAYBN
6/2/2020 11:00:00 AM,29.037500,LZ_SOUTH
6/2/2020 11:00:00 AM,20.280000,LZ_WEST
6/2/2020 12:00:00 PM,19.760000,LZ_AEN
6/2/2020 12:00:00 PM,19.760000,LZ_CPS
6/2/2020 12:00:00 PM,19.760000,LZ_HOUSTON
6/2/2020 12:00:00 PM,19.760000,LZ_LCRA
6/2/2020 12:00:00 PM,19.760000,LZ_NORTH
6/2/2020 12:00:00 PM,19.760000,LZ_RAYBN
6/2/2020 12:00:00 PM,19.760000,LZ_SOUTH
6/2/2020 12:00:00 PM,19.760000,LZ_WEST
6/2/2020 1:00:00 PM,21.447500,LZ_AEN
6/2/2020 1:00:00 PM,21.447500,LZ_CPS
6/2/2020 1:00:00 PM,21.447500,LZ_HOUSTON
6/2/2020 1:00:00 PM,21.447500,LZ_LCRA
6/2/2020 1:00:00 PM,21.447500,LZ_NORTH
6/2/2020 1:00:00 PM,21.447500,LZ_RAYBN
6/2/2020 1:00:00 PM,21.447500,LZ_SOUTH
6/2/2020 1:00:00 PM,21.447500,LZ_WEST
6/2/2020 2:00:00 PM,21.275000,LZ_AEN
6/2/2020 2:00:00 PM,21.275000,LZ_CPS
6/2/2020 2:00:00 PM,21.275000,LZ_HOUSTON
6/2/2020 2:00:00 PM,21.275000,LZ_LCRA
6/2/2020 2:00:00 PM,21.275000,LZ_NORTH
6/2/2020 2:00:00 PM,21.275000,LZ_RAYBN
6/2/2020 2:00:00 PM,21.275000,LZ_SOUTH
6/2/2020 2:00:00 PM,21.275000,LZ_WEST
6/2/2020 3:00:00 PM,22.560000,LZ_AEN
6/2/2020 3:00:00 PM,22.560000,LZ_CPS
6/2/2020 3:00:00 PM,22.555000,LZ_HOUSTON
6/2/2020 3:00:00 PM,22.555000,LZ_LCRA
6/2/2020 3:00:00 PM,22.560000,LZ_NORTH
6/2/2020 3:00:00 PM,22.560000,LZ_RAYBN
6/2/2020 3:00:00 PM,22.545000,LZ_SOUTH
6/2/2020 3:00:00 PM,22.560000,LZ_WEST
6/2/2020 4:00:00 PM,24.400000,LZ_AEN
6/2/2020 4:00:00 PM,24.400000,LZ_CPS
6/2/2020 4:00:00 PM,24.400000,LZ_HOUSTON
6/2/2020 4:00:00 PM,24.400000,LZ_LCRA
6/2/2020 4:00:00 PM,24.400000,LZ_NORTH
6/2/2020 4:00:00 PM,24.400000,LZ_RAYBN
6/2/2020 4:00:00 PM,24.400000,LZ_SOUTH
6/2/2020 4:00:00 PM,24.400000,LZ_WEST
6/2/2020 5:00:00 PM,19.592500,LZ_AEN
6/2/2020 5:00:00 PM,19.592500,LZ_CPS
6/2/2020 5:00:00 PM,19.592500,LZ_HOUSTON
6/2/2020 5:00:00 PM,19.592500,LZ_LCRA
6/2/2020 5:00:00 PM,19.592500,LZ_NORTH
6/2/2020 5:00:00 PM,19.592500,LZ_RAYBN
6/2/2020 5:00:00 PM,19.592500,LZ_SOUTH
6/2/2020 5:00:00 PM,19.592500,LZ_WEST
6/2/2020 6:00:00 PM,18.992500,LZ_AEN
6/2/2020 6:00:00 PM,18.992500,LZ_CPS
6/2/2020 6:00:00 PM,18.992500,LZ_HOUSTON
6/2/2020 6:00:00 PM,18.992500,LZ_LCRA
6/2/2020 6:00:00 PM,18.992500,LZ_NORTH
6/2/2020 6:00:00 PM,18.992500,LZ_RAYBN
6/2/2020 6:00:00 PM,18.992500,LZ_SOUTH
6/2/2020 6:00:00 PM,18.992500,LZ_WEST
6/2/2020 7:00:00 PM,18.100000,LZ_AEN
6/2/2020 7:00:00 PM,18.100000,LZ_CPS
6/2/2020 7:00:00 PM,18.100000,LZ_HOUSTON
6/2/2020 7:00:00 PM,18.100000,LZ_LCRA
6/2/2020 7:00:00 PM,18.100000,LZ_NORTH
6/2/2020 7:00:00 PM,18.100000,LZ_RAYBN
6/2/2020 7:00:00 PM,18.100000,LZ_SOUTH
6/2/2020 7:00:00 PM,18.100000,LZ_WEST
6/2/2020 8:00:00 PM,17.925000,LZ_AEN
6/2/2020 8:00:00 PM,17.925000,LZ_CPS
6/2/2020 8:00:00 PM,17.925000,LZ_HOUSTON
6/2/2020 8:00:00 PM,17.925000,LZ_LCRA
6/2/2020 8:00:00 PM,17.925000,LZ_NORTH
6/2/2020 8:00:00 PM,17.925000,LZ_RAYBN
6/2/2020 8:00:00 PM,17.925000,LZ_SOUTH
6/2/2020 8:00:00 PM,17.925000,LZ_WEST
6/2/2020 9:00:00 PM,17.020000,LZ_AEN
6/2/2020 9:00:00 PM,17.020000,LZ_CPS
6/2/2020 9:00:00 PM,17.020000,LZ_HOUSTON
6/2/2020 9:00:00 PM,17.020000,LZ_LCRA
6/2/2020 9:00:00 PM,17.020000,LZ_NORTH
6/2/2020 9:00:00 PM,17.020000,LZ_RAYBN
6/2/2020 9:00:00 PM,17.020000,LZ_SOUTH
6/2/2020 9:00:00 PM,17.000000,LZ_WEST
6/2/2020 10:00:00 PM,15.982500,LZ_AEN
6/2/2020 10:00:00 PM,15.982500,LZ_CPS
6/2/2020 10:00:00 PM,15.982500,LZ_HOUSTON
6/2/2020 10:00:00 PM,15.982500,LZ_LCRA
6/2/2020 10:00:00 PM,15.982500,LZ_NORTH
6/2/2020 10:00:00 PM,15.982500,LZ_RAYBN
6/2/2020 10:00:00 PM,15.982500,LZ_SOUTH
6/2/2020 10:00:00 PM,15.945000,LZ_WEST
6/2/2020 11:00:00 PM,13.830000,LZ_AEN
6/2/2020 11:00:00 PM,13.830000,LZ_CPS
6/2/2020 11:00:00 PM,13.830000,LZ_HOUSTON
6/2/2020 11:00:00 PM,13.830000,LZ_LCRA
6/2/2020 11:00:00 PM,13.830000,LZ_NORTH
6/2/2020 11:00:00 PM,13.830000,LZ_RAYBN
6/2/2020 11:00:00 PM,13.830000,LZ_SOUTH
6/2/2020 11:00:00 PM,13.800000,LZ_WEST
6/3/2020 12:00:00 AM,11.680000,LZ_AEN
6/3/2020 12:00:00 AM,11.680000,LZ_CPS
6/3/2020 12:00:00 AM,11.680000,LZ_HOUSTON
6/3/2020 12:00:00 AM,11.680000,LZ_LCRA
6/3/2020 12:00:00 AM,11.680000,LZ_NORTH
6/3/2020 12:00:00 AM,11.680000,LZ_RAYBN
6/3/2020 12:00:00 AM,11.680000,LZ_SOUTH
6/3/2020 12:00:00 AM,11.662500,LZ_WEST
6/3/2020 1:00:00 AM,10.365000,LZ_AEN
6/3/2020 1:00:00 AM,10.365000,LZ_CPS
6/3/2020 1:00:00 AM,10.365000,LZ_HOUSTON
6/3/2020 1:00:00 AM,10.365000,LZ_LCRA
6/3/2020 1:00:00 AM,10.365000,LZ_NORTH
6/3/2020 1:00:00 AM,10.365000,LZ_RAYBN
6/3/2020 1:00:00 AM,10.365000,LZ_SOUTH
6/3/2020 1:00:00 AM,10.355000,LZ_WEST
6/3/2020 2:00:00 AM,9.350000,LZ_AEN
6/3/2020 2:00:00 AM,9.350000,LZ_CPS
6/3/2020 2:00:00 AM,9.350000,LZ_HOUSTON
6/3/2020 2:00:00 AM,9.350000,LZ_LCRA
6/3/2020 2:00:00 AM,9.350000,LZ_NORTH
6/3/2020 2:00:00 AM,9.350000,LZ_RAYBN
6/3/2020 2:00:00 AM,9.350000,LZ_SOUTH
6/3/2020 2:00:00 AM,9.350000,LZ_WEST
6/3/2020 3:00:00 AM,8.687500,LZ_AEN
6/3/2020 3:00:00 AM,8.687500,LZ_CPS
6/3/2020 3:00:00 AM,8.687500,LZ_HOUSTON
6/3/2020 3:00:00 AM,8.687500,LZ_LCRA
6/3/2020 3:00:00 AM,8.687500,LZ_NORTH
6/3/2020 3:00:00 AM,8.687500,LZ_RAYBN
6/3/2020 3:00:00 AM,8.687500,LZ_SOUTH
6/3/2020 3:00:00 AM,8.687500,LZ_WEST
6/3/2020 4:00:00 AM,9.445000,LZ_AEN
6/3/2020 4:00:00 AM,9.445000,LZ_CPS
6/3/2020 4:00:00 AM,9.445000,LZ_HOUSTON
6/3/2020 4:00:00 AM,9.445000,LZ_LCRA
6/3/2020 4:00:00 AM,9.445000,LZ_NORTH
6/3/2020 4:00:00 AM,9.445000,LZ_RAYBN
6/3/2020 4:00:00 AM,9.445000,LZ_SOUTH
6/3/2020 4:00:00 AM,9.445000,LZ_WEST
6/3/2020 5:00:00 AM,11.482500,LZ_AEN
6/3/2020 5:00:00 AM,11.482500,LZ_CPS
6/3/2020 5:00:00 AM,11.482500,LZ_HOUSTON
6/3/2020 5:00:00 AM,11.482500,LZ_LCRA
6/3/2020 5:00:00 AM,11.482500,LZ_NORTH
6/3/2020 5:00:00 AM,11.482500,LZ_RAYBN
6/3/2020 5:00:00 AM,11.482500,LZ_SOUTH
6/3/2020 5:00:00 AM,11.482500,LZ_WEST
6/3/2020 6:00:00 AM,12.430000,LZ_AEN
6/3/2020 6:00:00 AM,12.430000,LZ_CPS
6/3/2020 6:00:00 AM,12.430000,LZ_HOUSTON
6/3/2020 6:00:00 AM,12.430000,LZ_LCRA
6/3/2020 6:00:00 AM,12.430000,LZ_NORTH
6/3/2020 6:00:00 AM,12.430000,LZ_RAYBN
6/3/2020 6:00:00 AM,12.430000,LZ_SOUTH
6/3/2020 6:00:00 AM,12.430000,LZ_WEST
6/3/2020 7:00:00 AM,13.087500,LZ_AEN
6/3/2020 7:00:00 AM,13.087500,LZ_CPS
6/3/2020 7:00:00 AM,13.087500,LZ_HOUSTON
6/3/2020 7:00:00 AM,13.087500,LZ_LCRA
6/3/2020 7:00:00 AM,13.087500,LZ_NORTH
6/3/2020 7:00:00 AM,13.087500,LZ_RAYBN
6/3/2020 7:00:00 AM,13.087500,LZ_SOUTH
6/3/2020 7:00:00 AM,13.087500,LZ_WEST
6/3/2020 8:00:00 AM,13.795000,LZ_AEN
6/3/2020 8:00:00 AM,13.795000,LZ_CPS
6/3/2020 8:00:00 AM,13.795000,LZ_HOUSTON
6/3/2020 8:00:00 AM,13.795000,LZ_LCRA
6/3/2020 8:00:00 AM,13.795000,LZ_NORTH
6/3/2020 8:00:00 AM,13.795000,LZ_RAYBN
6/3/2020 8:00:00 AM,13.795000,LZ_SOUTH
6/3/2020 8:00:00 AM,13.795000,LZ_WEST
6/3/2020 9:00:00 AM,14.522500,LZ_AEN
6/3/2020 9:00:00 AM,14.522500,LZ_CPS
6/3/2020 9:00:00 AM,14.522500,LZ_HOUSTON
6/3/2020 9:00:00 AM,14.522500,LZ_LCRA
6/3/2020 9:00:00 AM,14.522500,LZ_NORTH
6/3/2020 9:00:00 AM,14.522500,LZ_RAYBN
6/3/2020 9:00:00 AM,14.522500,LZ_SOUTH
6/3/2020 9:00:00 AM,14.522500,LZ_WEST
6/3/2020 10:00:00 AM,16.400000,LZ_AEN
6/3/2020 10:00:00 AM,16.400000,LZ_CPS
6/3/2020 10:00:00 AM,16.400000,LZ_HOUSTON
6/3/2020 10:00:00 AM,16.400000,LZ_LCRA
6/3/2020 10:00:00 AM,16.400000,LZ_NORTH
6/3/2020 10:00:00 AM,16.400000,LZ_RAYBN
6/3/2020 10:00:00 AM,16.400000,LZ_SOUTH
6/3/2020 10:00:00 AM,16.400000,LZ_WEST
6/3/2020 11:00:00 AM,20.712500,LZ_AEN
6/3/2020 11:00:00 AM,20.712500,LZ_CPS
6/3/2020 11:00:00 AM,20.712500,LZ_HOUSTON
6/3/2020 11:00:00 AM,20.712500,LZ_LCRA
6/3/2020 11:00:00 AM,20.712500,LZ_NORTH
6/3/2020 11:00:00 AM,20.712500,LZ_RAYBN
6/3/2020 11:00:00 AM,20.712500,LZ_SOUTH
6/3/2020 11:00:00 AM,20.712500,LZ_WEST
6/3/2020 12:00:00 PM,23.135000,LZ_AEN
6/3/2020 12:00:00 PM,23.135000,LZ_CPS
6/3/2020 12:00:00 PM,23.135000,LZ_HOUSTON
6/3/2020 12:00:00 PM,23.135000,LZ_LCRA
6/3/2020 12:00:00 PM,23.135000,LZ_NORTH
6/3/2020 12:00:00 PM,23.135000,LZ_RAYBN
6/3/2020 12:00:00 PM,23.135000,LZ_SOUTH
6/3/2020 12:00:00 PM,23.135000,LZ_WEST
6/3/2020 1:00:00 PM,21.087500,LZ_AEN
6/3/2020 1:00:00 PM,21.087500,LZ_CPS
6/3/2020 1:00:00 PM,21.087500,LZ_HOUSTON
6/3/2020 1:00:00 PM,21.087500,LZ_LCRA
6/3/2020 1:00:00 PM,21.087500,LZ_NORTH
6/3/2020 1:00:00 PM,21.087500,LZ_RAYBN
6/3/2020 1:00:00 PM,21.087500,LZ_SOUTH
6/3/2020 1:00:00 PM,21.087500,LZ_WEST
6/3/2020 2:00:00 PM,22.330000,LZ_AEN
6/3/2020 2:00:00 PM,22.330000,LZ_CPS
6/3/2020 2:00:00 PM,22.330000,LZ_HOUSTON
6/3/2020 2:00:00 PM,22.330000,LZ_LCRA
6/3/2020 2:00:00 PM,22.330000,LZ_NORTH
6/3/2020 2:00:00 PM,22.330000,LZ_RAYBN
6/3/2020 2:00:00 PM,22.330000,LZ_SOUTH
6/3/2020 2:00:00 PM,22.330000,LZ_WEST
6/3/2020 3:00:00 PM,23.975000,LZ_AEN
6/3/2020 3:00:00 PM,23.975000,LZ_CPS
6/3/2020 3:00:00 PM,23.975000,LZ_HOUSTON
6/3/2020 3:00:00 PM,23.975000,LZ_LCRA
6/3/2020 3:00:00 PM,23.975000,LZ_NORTH
6/3/2020 3:00:00 PM,23.975000,LZ_RAYBN
6/3/2020 3:00:00 PM,23.975000,LZ_SOUTH
6/3/2020 3:00:00 PM,23.975000,LZ_WEST
6/3/2020 4:00:00 PM,21.825000,LZ_AEN
6/3/2020 4:00:00 PM,21.825000,LZ_CPS
6/3/2020 4:00:00 PM,21.825000,LZ_HOUSTON
6/3/2020 4:00:00 PM,21.825000,LZ_LCRA
6/3/2020 4:00:00 PM,21.825000,LZ_NORTH
6/3/2020 4:00:00 PM,21.825000,LZ_RAYBN
6/3/2020 4:00:00 PM,21.825000,LZ_SOUTH
6/3/2020 4:00:00 PM,21.825000,LZ_WEST
6/3/2020 5:00:00 PM,20.762500,LZ_AEN
6/3/2020 5:00:00 PM,20.762500,LZ_CPS
6/3/2020 5:00:00 PM,20.762500,LZ_HOUSTON
6/3/2020 5:00:00 PM,20.762500,LZ_LCRA
6/3/2020 5:00:00 PM,20.762500,LZ_NORTH
6/3/2020 5:00:00 PM,20.762500,LZ_RAYBN
6/3/2020 5:00:00 PM,20.762500,LZ_SOUTH
6/3/2020 5:00:00 PM,20.762500,LZ_WEST
6/3/2020 6:00:00 PM,20.047500,LZ_AEN
6/3/2020 6:00:00 PM,20.047500,LZ_CPS
6/3/2020 6:00:00 PM,20.047500,LZ_HOUSTON
6/3/2020 6:00:00 PM,20.047500,LZ_LCRA
6/3/2020 6:00:00 PM,20.047500,LZ_NORTH
6/3/2020 6:00:00 PM,20.047500,LZ_RAYBN
6/3/2020 6:00:00 PM,20.047500,LZ_SOUTH
6/3/2020 6:00:00 PM,20.047500,LZ_WEST
6/3/2020 7:00:00 PM,20.292500,LZ_AEN
6/3/2020 7:00:00 PM,20.237500,LZ_CPS
6/3/2020 7:00:00 PM,20.287500,LZ_HOUSTON
6/3/2020 7:00:00 PM,20.305000,LZ_LCRA
6/3/2020 7:00:00 PM,20.410000,LZ_NORTH
6/3/2020 7:00:00 PM,20.412500,LZ_RAYBN
6/3/2020 7:00:00 PM,20.300000,LZ_SOUTH
6/3/2020 7:00:00 PM,20.647500,LZ_WEST
6/3/2020 8:00:00 PM,19.477500,LZ_AEN
6/3/2020 8:00:00 PM,19.467500,LZ_CPS
6/3/2020 8:00:00 PM,19.477500,LZ_HOUSTON
6/3/2020 8:00:00 PM,19.480000,LZ_LCRA
6/3/2020 8:00:00 PM,19.502500,LZ_NORTH
6/3/2020 8:00:00 PM,19.502500,LZ_RAYBN
6/3/2020 8:00:00 PM,19.480000,LZ_SOUTH
6/3/2020 8:00:00 PM,19.547500,LZ_WEST
6/3/2020 9:00:00 PM,16.840000,LZ_AEN
6/3/2020 9:00:00 PM,16.840000,LZ_CPS
6/3/2020 9:00:00 PM,16.840000,LZ_HOUSTON
6/3/2020 9:00:00 PM,16.840000,LZ_LCRA
6/3/2020 9:00:00 PM,16.840000,LZ_NORTH
6/3/2020 9:00:00 PM,16.840000,LZ_RAYBN
6/3/2020 9:00:00 PM,16.840000,LZ_SOUTH
6/3/2020 9:00:00 PM,16.840000,LZ_WEST
6/3/2020 10:00:00 PM,15.065000,LZ_AEN
6/3/2020 10:00:00 PM,15.070000,LZ_CPS
6/3/2020 10:00:00 PM,15.062500,LZ_HOUSTON
6/3/2020 10:00:00 PM,15.070000,LZ_LCRA
6/3/2020 10:00:00 PM,15.057500,LZ_NORTH
6/3/2020 10:00:00 PM,15.057500,LZ_RAYBN
6/3/2020 10:00:00 PM,15.070000,LZ_SOUTH
6/3/2020 10:00:00 PM,15.237500,LZ_WEST
6/3/2020 11:00:00 PM,12.860000,LZ_AEN
6/3/2020 11:00:00 PM,12.860000,LZ_CPS
6/3/2020 11:00:00 PM,12.860000,LZ_HOUSTON
6/3/2020 11:00:00 PM,12.860000,LZ_LCRA
6/3/2020 11:00:00 PM,12.860000,LZ_NORTH
6/3/2020 11:00:00 PM,12.860000,LZ_RAYBN
6/3/2020 11:00:00 PM,12.860000,LZ_SOUTH
6/3/2020 11:00:00 PM,12.860000,LZ_WEST
6/4/2020 12:00:00 AM,12.517500,LZ_AEN
6/4/2020 12:00:00 AM,12.517500,LZ_CPS
6/4/2020 12:00:00 AM,12.517500,LZ_HOUSTON
6/4/2020 12:00:00 AM,12.517500,LZ_LCRA
6/4/2020 12:00:00 AM,12.517500,LZ_NORTH
6/4/2020 12:00:00 AM,12.517500,LZ_RAYBN
6/4/2020 12:00:00 AM,12.517500,LZ_SOUTH
6/4/2020 12:00:00 AM,12.517500,LZ_WEST
6/4/2020 1:00:00 AM,12.442500,LZ_AEN
6/4/2020 1:00:00 AM,12.442500,LZ_CPS
6/4/2020 1:00:00 AM,12.442500,LZ_HOUSTON
6/4/2020 1:00:00 AM,12.442500,LZ_LCRA
6/4/2020 1:00:00 AM,12.442500,LZ_NORTH
6/4/2020 1:00:00 AM,12.442500,LZ_RAYBN
6/4/2020 1:00:00 AM,12.442500,LZ_SOUTH
6/4/2020 1:00:00 AM,12.442500,LZ_WEST
6/4/2020 2:00:00 AM,10.640000,LZ_AEN
6/4/2020 2:00:00 AM,10.640000,LZ_CPS
6/4/2020 2:00:00 AM,10.640000,LZ_HOUSTON
6/4/2020 2:00:00 AM,10.640000,LZ_LCRA
6/4/2020 2:00:00 AM,10.640000,LZ_NORTH
6/4/2020 2:00:00 AM,10.640000,LZ_RAYBN
6/4/2020 2:00:00 AM,10.640000,LZ_SOUTH
6/4/2020 2:00:00 AM,10.640000,LZ_WEST
6/4/2020 3:00:00 AM,8.857500,LZ_AEN
6/4/2020 3:00:00 AM,8.857500,LZ_CPS
6/4/2020 3:00:00 AM,8.857500,LZ_HOUSTON
6/4/2020 3:00:00 AM,8.857500,LZ_LCRA
6/4/2020 3:00:00 AM,8.857500,LZ_NORTH
6/4/2020 3:00:00 AM,8.857500,LZ_RAYBN
6/4/2020 3:00:00 AM,8.857500,LZ_SOUTH
6/4/2020 3:00:00 AM,8.857500,LZ_WEST
6/4/2020 4:00:00 AM,10.600000,LZ_AEN
6/4/2020 4:00:00 AM,10.600000,LZ_CPS
6/4/2020 4:00:00 AM,10.600000,LZ_HOUSTON
6/4/2020 4:00:00 AM,10.600000,LZ_LCRA
6/4/2020 4:00:00 AM,10.600000,LZ_NORTH
6/4/2020 4:00:00 AM,10.600000,LZ_RAYBN
6/4/2020 4:00:00 AM,10.600000,LZ_SOUTH
6/4/2020 4:00:00 AM,10.600000,LZ_WEST
6/4/2020 5:00:00 AM,12.480000,LZ_AEN
6/4/2020 5:00:00 AM,12.480000,LZ_CPS
6/4/2020 5:00:00 AM,12.480000,LZ_HOUSTON
6/4/2020 5:00:00 AM,12.480000,LZ_LCRA
6/4/2020 5:00:00 AM,12.480000,LZ_NORTH
6/4/2020 5:00:00 AM,12.480000,LZ_RAYBN
6/4/2020 5:00:00 AM,12.480000,LZ_SOUTH
6/4/2020 5:00:00 AM,12.480000,LZ_WEST
6/4/2020 6:00:00 AM,12.117500,LZ_AEN
6/4/2020 6:00:00 AM,12.080000,LZ_CPS
6/4/2020 6:00:00 AM,12.057500,LZ_HOUSTON
6/4/2020 6:00:00 AM,12.045000,LZ_LCRA
6/4/2020 6:00:00 AM,12.012500,LZ_NORTH
6/4/2020 6:00:00 AM,12.017500,LZ_RAYBN
6/4/2020 6:00:00 AM,12.060000,LZ_SOUTH
6/4/2020 6:00:00 AM,11.980000,LZ_WEST
6/4/2020 7:00:00 AM,13.315000,LZ_AEN
6/4/2020 7:00:00 AM,13.257500,LZ_CPS
6/4/2020 7:00:00 AM,13.245000,LZ_HOUSTON
6/4/2020 7:00:00 AM,13.177500,LZ_LCRA
6/4/2020 7:00:00 AM,13.212500,LZ_NORTH
6/4/2020 7:00:00 AM,13.215000,LZ_RAYBN
6/4/2020 7:00:00 AM,13.242500,LZ_SOUTH
6/4/2020 7:00:00 AM,13.160000,LZ_WEST
6/4/2020 8:00:00 AM,14.147500,LZ_AEN
6/4/2020 8:00:00 AM,14.070000,LZ_CPS
6/4/2020 8:00:00 AM,14.050000,LZ_HOUSTON
6/4/2020 8:00:00 AM,13.960000,LZ_LCRA
6/4/2020 8:00:00 AM,14.000000,LZ_NORTH
6/4/2020 8:00:00 AM,14.005000,LZ_RAYBN
6/4/2020 8:00:00 AM,14.045000,LZ_SOUTH
6/4/2020 8:00:00 AM,13.932500,LZ_WEST
6/4/2020 9:00:00 AM,14.820000,LZ_AEN
6/4/2020 9:00:00 AM,14.722500,LZ_CPS
6/4/2020 9:00:00 AM,14.662500,LZ_HOUSTON
6/4/2020 9:00:00 AM,14.605000,LZ_LCRA
6/4/2020 9:00:00 AM,14.562500,LZ_NORTH
6/4/2020 9:00:00 AM,14.577500,LZ_RAYBN
6/4/2020 9:00:00 AM,14.685000,LZ_SOUTH
6/4/2020 9:00:00 AM,14.500000,LZ_WEST
6/4/2020 10:00:00 AM,16.937500,LZ_AEN
6/4/2020 10:00:00 AM,16.937500,LZ_CPS
6/4/2020 10:00:00 AM,16.935000,LZ_HOUSTON
6/4/2020 10:00:00 AM,16.935000,LZ_LCRA
6/4/2020 10:00:00 AM,16.935000,LZ_NORTH
6/4/2020 10:00:00 AM,16.935000,LZ_RAYBN
6/4/2020 10:00:00 AM,16.935000,LZ_SOUTH
6/4/2020 10:00:00 AM,16.935000,LZ_WEST
6/4/2020 11:00:00 AM,21.137500,LZ_AEN
6/4/2020 11:00:00 AM,21.137500,LZ_CPS
6/4/2020 11:00:00 AM,21.137500,LZ_HOUSTON
6/4/2020 11:00:00 AM,21.137500,LZ_LCRA
6/4/2020 11:00:00 AM,21.137500,LZ_NORTH
6/4/2020 11:00:00 AM,21.137500,LZ_RAYBN
6/4/2020 11:00:00 AM,21.137500,LZ_SOUTH
6/4/2020 11:00:00 AM,21.137500,LZ_WEST
6/4/2020 12:00:00 PM,25.547500,LZ_AEN
6/4/2020 12:00:00 PM,25.547500,LZ_CPS
6/4/2020 12:00:00 PM,25.547500,LZ_HOUSTON
6/4/2020 12:00:00 PM,25.547500,LZ_LCRA
6/4/2020 12:00:00 PM,25.547500,LZ_NORTH
6/4/2020 12:00:00 PM,25.547500,LZ_RAYBN
6/4/2020 12:00:00 PM,25.547500,LZ_SOUTH
6/4/2020 12:00:00 PM,25.547500,LZ_WEST
6/4/2020 1:00:00 PM,36.992500,LZ_AEN
6/4/2020 1:00:00 PM,36.992500,LZ_CPS
6/4/2020 1:00:00 PM,36.992500,LZ_HOUSTON
6/4/2020 1:00:00 PM,36.992500,LZ_LCRA
6/4/2020 1:00:00 PM,36.992500,LZ_NORTH
6/4/2020 1:00:00 PM,36.992500,LZ_RAYBN
6/4/2020 1:00:00 PM,36.992500,LZ_SOUTH
6/4/2020 1:00:00 PM,36.992500,LZ_WEST
6/4/2020 2:00:00 PM,48.192500,LZ_AEN
6/4/2020 2:00:00 PM,48.192500,LZ_CPS
6/4/2020 2:00:00 PM,48.192500,LZ_HOUSTON
6/4/2020 2:00:00 PM,48.192500,LZ_LCRA
6/4/2020 2:00:00 PM,48.192500,LZ_NORTH
6/4/2020 2:00:00 PM,48.192500,LZ_RAYBN
6/4/2020 2:00:00 PM,48.192500,LZ_SOUTH
6/4/2020 2:00:00 PM,48.192500,LZ_WEST
6/4/2020 3:00:00 PM,25.790000,LZ_AEN
6/4/2020 3:00:00 PM,25.790000,LZ_CPS
6/4/2020 3:00:00 PM,25.790000,LZ_HOUSTON
6/4/2020 3:00:00 PM,25.790000,LZ_LCRA
6/4/2020 3:00:00 PM,25.790000,LZ_NORTH
6/4/2020 3:00:00 PM,25.790000,LZ_RAYBN
6/4/2020 3:00:00 PM,25.790000,LZ_SOUTH
6/4/2020 3:00:00 PM,25.782500,LZ_WEST
6/4/2020 4:00:00 PM,23.190000,LZ_AEN
6/4/2020 4:00:00 PM,23.097500,LZ_CPS
6/4/2020 4:00:00 PM,23.650000,LZ_HOUSTON
6/4/2020 4:00:00 PM,23.180000,LZ_LCRA
6/4/2020 4:00:00 PM,23.395000,LZ_NORTH
6/4/2020 4:00:00 PM,23.405000,LZ_RAYBN
6/4/2020 4:00:00 PM,23.062500,LZ_SOUTH
6/4/2020 4:00:00 PM,23.310000,LZ_WEST
6/4/2020 5:00:00 PM,21.060000,LZ_AEN
6/4/2020 5:00:00 PM,20.452500,LZ_CPS
6/4/2020 5:00:00 PM,24.102500,LZ_HOUSTON
6/4/2020 5:00:00 PM,20.992500,LZ_LCRA
6/4/2020 5:00:00 PM,22.502500,LZ_NORTH
6/4/2020 5:00:00 PM,22.467500,LZ_RAYBN
6/4/2020 5:00:00 PM,20.220000,LZ_SOUTH
6/4/2020 5:00:00 PM,21.782500,LZ_WEST
6/4/2020 6:00:00 PM,20.732500,LZ_AEN
6/4/2020 6:00:00 PM,20.720000,LZ_CPS
6/4/2020 6:00:00 PM,20.780000,LZ_HOUSTON
6/4/2020 6:00:00 PM,20.727500,LZ_LCRA
6/4/2020 6:00:00 PM,20.767500,LZ_NORTH
6/4/2020 6:00:00 PM,20.752500,LZ_RAYBN
6/4/2020 6:00:00 PM,20.717500,LZ_SOUTH
6/4/2020 6:00:00 PM,20.707500,LZ_WEST
6/4/2020 7:00:00 PM,19.800000,LZ_AEN
6/4/2020 7:00:00 PM,19.800000,LZ_CPS
6/4/2020 7:00:00 PM,19.800000,LZ_HOUSTON
6/4/2020 7:00:00 PM,19.800000,LZ_LCRA
6/4/2020 7:00:00 PM,19.800000,LZ_NORTH
6/4/2020 7:00:00 PM,19.800000,LZ_RAYBN
6/4/2020 7:00:00 PM,19.800000,LZ_SOUTH
6/4/2020 7:00:00 PM,19.787500,LZ_WEST
6/4/2020 8:00:00 PM,19.322500,LZ_AEN
6/4/2020 8:00:00 PM,19.322500,LZ_CPS
6/4/2020 8:00:00 PM,19.322500,LZ_HOUSTON
6/4/2020 8:00:00 PM,19.322500,LZ_LCRA
6/4/2020 8:00:00 PM,19.322500,LZ_NORTH
6/4/2020 8:00:00 PM,19.322500,LZ_RAYBN
6/4/2020 8:00:00 PM,19.322500,LZ_SOUTH
6/4/2020 8:00:00 PM,19.310000,LZ_WEST
6/4/2020 9:00:00 PM,16.290000,LZ_AEN
6/4/2020 9:00:00 PM,16.290000,LZ_CPS
6/4/2020 9:00:00 PM,16.290000,LZ_HOUSTON
6/4/2020 9:00:00 PM,16.290000,LZ_LCRA
6/4/2020 9:00:00 PM,16.290000,LZ_NORTH
6/4/2020 9:00:00 PM,16.290000,LZ_RAYBN
6/4/2020 9:00:00 PM,16.290000,LZ_SOUTH
6/4/2020 9:00:00 PM,16.262500,LZ_WEST
6/4/2020 10:00:00 PM,17.877500,LZ_AEN
6/4/2020 10:00:00 PM,17.205000,LZ_CPS
6/4/2020 10:00:00 PM,19.562500,LZ_HOUSTON
6/4/2020 10:00:00 PM,17.490000,LZ_LCRA
6/4/2020 10:00:00 PM,24.750000,LZ_NORTH
6/4/2020 10:00:00 PM,18.345000,LZ_RAYBN
6/4/2020 10:00:00 PM,17.625000,LZ_SOUTH
6/4/2020 10:00:00 PM,8.075000,LZ_WEST
6/4/2020 11:00:00 PM,14.635000,LZ_AEN
6/4/2020 11:00:00 PM,14.460000,LZ_CPS
6/4/2020 11:00:00 PM,15.087500,LZ_HOUSTON
6/4/2020 11:00:00 PM,14.535000,LZ_LCRA
6/4/2020 11:00:00 PM,16.482500,LZ_NORTH
6/4/2020 11:00:00 PM,14.765000,LZ_RAYBN
6/4/2020 11:00:00 PM,14.572500,LZ_SOUTH
6/4/2020 11:00:00 PM,12.032500,LZ_WEST
6/5/2020 12:00:00 AM,14.675000,LZ_AEN
6/5/2020 12:00:00 AM,14.667500,LZ_CPS
6/5/2020 12:00:00 AM,14.695000,LZ_HOUSTON
6/5/2020 12:00:00 AM,14.672500,LZ_LCRA
6/5/2020 12:00:00 AM,14.782500,LZ_NORTH
6/5/2020 12:00:00 AM,14.780000,LZ_RAYBN
6/5/2020 12:00:00 AM,14.672500,LZ_SOUTH
6/5/2020 12:00:00 AM,14.477500,LZ_WEST
6/5/2020 1:00:00 AM,11.875000,LZ_AEN
6/5/2020 1:00:00 AM,11.792500,LZ_CPS
6/5/2020 1:00:00 AM,12.072500,LZ_HOUSTON
6/5/2020 1:00:00 AM,11.825000,LZ_LCRA
6/5/2020 1:00:00 AM,12.737500,LZ_NORTH
6/5/2020 1:00:00 AM,12.160000,LZ_RAYBN
6/5/2020 1:00:00 AM,11.842500,LZ_SOUTH
6/5/2020 1:00:00 AM,10.500000,LZ_WEST
6/5/2020 2:00:00 AM,10.810000,LZ_AEN
6/5/2020 2:00:00 AM,10.810000,LZ_CPS
6/5/2020 2:00:00 AM,10.800000,LZ_HOUSTON
6/5/2020 2:00:00 AM,10.797500,LZ_LCRA
6/5/2020 2:00:00 AM,10.787500,LZ_NORTH
6/5/2020 2:00:00 AM,10.790000,LZ_RAYBN
6/5/2020 2:00:00 AM,10.802500,LZ_SOUTH
6/5/2020 2:00:00 AM,10.787500,LZ_WEST
6/5/2020 3:00:00 AM,12.800000,LZ_AEN
6/5/2020 3:00:00 AM,12.800000,LZ_CPS
6/5/2020 3:00:00 AM,12.800000,LZ_HOUSTON
6/5/2020 3:00:00 AM,12.800000,LZ_LCRA
6/5/2020 3:00:00 AM,12.800000,LZ_NORTH
6/5/2020 3:00:00 AM,12.800000,LZ_RAYBN
6/5/2020 3:00:00 AM,12.800000,LZ_SOUTH
6/5/2020 3:00:00 AM,12.800000,LZ_WEST
6/5/2020 4:00:00 AM,13.732500,LZ_AEN
6/5/2020 4:00:00 AM,13.732500,LZ_CPS
6/5/2020 4:00:00 AM,13.732500,LZ_HOUSTON
6/5/2020 4:00:00 AM,13.732500,LZ_LCRA
6/5/2020 4:00:00 AM,13.732500,LZ_NORTH
6/5/2020 4:00:00 AM,13.732500,LZ_RAYBN
6/5/2020 4:00:00 AM,13.732500,LZ_SOUTH
6/5/2020 4:00:00 AM,13.732500,LZ_WEST
6/5/2020 5:00:00 AM,14.915000,LZ_AEN
6/5/2020 5:00:00 AM,14.915000,LZ_CPS
6/5/2020 5:00:00 AM,14.915000,LZ_HOUSTON
6/5/2020 5:00:00 AM,14.915000,LZ_LCRA
6/5/2020 5:00:00 AM,14.915000,LZ_NORTH
6/5/2020 5:00:00 AM,14.915000,LZ_RAYBN
6/5/2020 5:00:00 AM,14.915000,LZ_SOUTH
6/5/2020 5:00:00 AM,14.915000,LZ_WEST
6/5/2020 6:00:00 AM,15.550000,LZ_AEN
6/5/2020 6:00:00 AM,15.550000,LZ_CPS
6/5/2020 6:00:00 AM,15.550000,LZ_HOUSTON
6/5/2020 6:00:00 AM,15.550000,LZ_LCRA
6/5/2020 6:00:00 AM,15.550000,LZ_NORTH
6/5/2020 6:00:00 AM,15.550000,LZ_RAYBN
6/5/2020 6:00:00 AM,15.550000,LZ_SOUTH
6/5/2020 6:00:00 AM,15.550000,LZ_WEST
6/5/2020 7:00:00 AM,15.937500,LZ_AEN
6/5/2020 7:00:00 AM,15.937500,LZ_CPS
6/5/2020 7:00:00 AM,15.937500,LZ_HOUSTON
6/5/2020 7:00:00 AM,15.937500,LZ_LCRA
6/5/2020 7:00:00 AM,15.937500,LZ_NORTH
6/5/2020 7:00:00 AM,15.937500,LZ_RAYBN
6/5/2020 7:00:00 AM,15.937500,LZ_SOUTH
6/5/2020 7:00:00 AM,15.937500,LZ_WEST
6/5/2020 8:00:00 AM,15.292500,LZ_AEN
6/5/2020 8:00:00 AM,15.292500,LZ_CPS
6/5/2020 8:00:00 AM,15.292500,LZ_HOUSTON
6/5/2020 8:00:00 AM,15.292500,LZ_LCRA
6/5/2020 8:00:00 AM,15.292500,LZ_NORTH
6/5/2020 8:00:00 AM,15.292500,LZ_RAYBN
6/5/2020 8:00:00 AM,15.292500,LZ_SOUTH
6/5/2020 8:00:00 AM,15.287500,LZ_WEST
6/5/2020 9:00:00 AM,14.612500,LZ_AEN
6/5/2020 9:00:00 AM,14.612500,LZ_CPS
6/5/2020 9:00:00 AM,14.612500,LZ_HOUSTON
6/5/2020 9:00:00 AM,14.612500,LZ_LCRA
6/5/2020 9:00:00 AM,14.612500,LZ_NORTH
6/5/2020 9:00:00 AM,14.612500,LZ_RAYBN
6/5/2020 9:00:00 AM,14.612500,LZ_SOUTH
6/5/2020 9:00:00 AM,14.592500,LZ_WEST
6/5/2020 10:00:00 AM,16.500000,LZ_AEN
6/5/2020 10:00:00 AM,16.500000,LZ_CPS
6/5/2020 10:00:00 AM,16.500000,LZ_HOUSTON
6/5/2020 10:00:00 AM,16.500000,LZ_LCRA
6/5/2020 10:00:00 AM,16.500000,LZ_NORTH
6/5/2020 10:00:00 AM,16.500000,LZ_RAYBN
6/5/2020 10:00:00 AM,16.500000,LZ_SOUTH
6/5/2020 10:00:00 AM,16.475000,LZ_WEST
6/5/2020 11:00:00 AM,28.342500,LZ_AEN
6/5/2020 11:00:00 AM,28.342500,LZ_CPS
6/5/2020 11:00:00 AM,28.342500,LZ_HOUSTON
6/5/2020 11:00:00 AM,28.342500,LZ_LCRA
6/5/2020 11:00:00 AM,28.342500,LZ_NORTH
6/5/2020 11:00:00 AM,28.342500,LZ_RAYBN
6/5/2020 11:00:00 AM,28.342500,LZ_SOUTH
6/5/2020 11:00:00 AM,28.340000,LZ_WEST
6/5/2020 12:00:00 PM,22.820000,LZ_AEN
6/5/2020 12:00:00 PM,22.820000,LZ_CPS
6/5/2020 12:00:00 PM,22.820000,LZ_HOUSTON
6/5/2020 12:00:00 PM,22.820000,LZ_LCRA
6/5/2020 12:00:00 PM,22.820000,LZ_NORTH
6/5/2020 12:00:00 PM,22.820000,LZ_RAYBN
6/5/2020 12:00:00 PM,22.820000,LZ_SOUTH
6/5/2020 12:00:00 PM,22.820000,LZ_WEST
6/5/2020 1:00:00 PM,25.530000,LZ_AEN
6/5/2020 1:00:00 PM,25.530000,LZ_CPS
6/5/2020 1:00:00 PM,25.530000,LZ_HOUSTON
6/5/2020 1:00:00 PM,25.530000,LZ_LCRA
6/5/2020 1:00:00 PM,25.530000,LZ_NORTH
6/5/2020 1:00:00 PM,25.530000,LZ_RAYBN
6/5/2020 1:00:00 PM,25.530000,LZ_SOUTH
6/5/2020 1:00:00 PM,25.530000,LZ_WEST
6/5/2020 2:00:00 PM,24.800000,LZ_AEN
6/5/2020 2:00:00 PM,24.800000,LZ_CPS
6/5/2020 2:00:00 PM,24.800000,LZ_HOUSTON
6/5/2020 2:00:00 PM,24.800000,LZ_LCRA
6/5/2020 2:00:00 PM,24.800000,LZ_NORTH
6/5/2020 2:00:00 PM,24.800000,LZ_RAYBN
6/5/2020 2:00:00 PM,24.800000,LZ_SOUTH
6/5/2020 2:00:00 PM,24.800000,LZ_WEST
6/5/2020 3:00:00 PM,23.562500,LZ_AEN
6/5/2020 3:00:00 PM,23.562500,LZ_CPS
6/5/2020 3:00:00 PM,23.562500,LZ_HOUSTON
6/5/2020 3:00:00 PM,23.562500,LZ_LCRA
6/5/2020 3:00:00 PM,23.562500,LZ_NORTH
6/5/2020 3:00:00 PM,23.562500,LZ_RAYBN
6/5/2020 3:00:00 PM,23.562500,LZ_SOUTH
6/5/2020 3:00:00 PM,23.562500,LZ_WEST
6/5/2020 4:00:00 PM,22.487500,LZ_AEN
6/5/2020 4:00:00 PM,22.462500,LZ_CPS
6/5/2020 4:00:00 PM,22.547500,LZ_HOUSTON
6/5/2020 4:00:00 PM,22.472500,LZ_LCRA
6/5/2020 4:00:00 PM,22.792500,LZ_NORTH
6/5/2020 4:00:00 PM,22.500000,LZ_RAYBN
6/5/2020 4:00:00 PM,22.475000,LZ_SOUTH
6/5/2020 4:00:00 PM,22.092500,LZ_WEST
6/5/2020 5:00:00 PM,22.455000,LZ_AEN
6/5/2020 5:00:00 PM,22.410000,LZ_CPS
6/5/2020 5:00:00 PM,22.547500,LZ_HOUSTON
6/5/2020 5:00:00 PM,22.430000,LZ_LCRA
6/5/2020 5:00:00 PM,22.935000,LZ_NORTH
6/5/2020 5:00:00 PM,22.472500,LZ_RAYBN
6/5/2020 5:00:00 PM,22.435000,LZ_SOUTH
6/5/2020 5:00:00 PM,21.812500,LZ_WEST
6/5/2020 6:00:00 PM,21.142500,LZ_AEN
6/5/2020 6:00:00 PM,21.117500,LZ_CPS
6/5/2020 6:00:00 PM,21.195000,LZ_HOUSTON
6/5/2020 6:00:00 PM,21.127500,LZ_LCRA
6/5/2020 6:00:00 PM,21.407500,LZ_NORTH
6/5/2020 6:00:00 PM,21.152500,LZ_RAYBN
6/5/2020 6:00:00 PM,21.132500,LZ_SOUTH
6/5/2020 6:00:00 PM,20.770000,LZ_WEST
6/5/2020 7:00:00 PM,20.820000,LZ_AEN
6/5/2020 7:00:00 PM,20.820000,LZ_CPS
6/5/2020 7:00:00 PM,20.820000,LZ_HOUSTON
6/5/2020 7:00:00 PM,20.820000,LZ_LCRA
6/5/2020 7:00:00 PM,20.820000,LZ_NORTH
6/5/2020 7:00:00 PM,20.820000,LZ_RAYBN
6/5/2020 7:00:00 PM,20.820000,LZ_SOUTH
6/5/2020 7:00:00 PM,20.790000,LZ_WEST
6/5/2020 8:00:00 PM,21.340000,LZ_AEN
6/5/2020 8:00:00 PM,21.340000,LZ_CPS
6/5/2020 8:00:00 PM,21.340000,LZ_HOUSTON
6/5/2020 8:00:00 PM,21.340000,LZ_LCRA
6/5/2020 8:00:00 PM,21.340000,LZ_NORTH
6/5/2020 8:00:00 PM,21.340000,LZ_RAYBN
6/5/2020 8:00:00 PM,21.340000,LZ_SOUTH
6/5/2020 8:00:00 PM,21.307500,LZ_WEST
6/5/2020 9:00:00 PM,18.980000,LZ_AEN
6/5/2020 9:00:00 PM,18.980000,LZ_CPS
6/5/2020 9:00:00 PM,18.980000,LZ_HOUSTON
6/5/2020 9:00:00 PM,18.980000,LZ_LCRA
6/5/2020 9:00:00 PM,18.980000,LZ_NORTH
6/5/2020 9:00:00 PM,18.980000,LZ_RAYBN
6/5/2020 9:00:00 PM,18.980000,LZ_SOUTH
6/5/2020 9:00:00 PM,18.947500,LZ_WEST
6/5/2020 10:00:00 PM,16.632500,LZ_AEN
6/5/2020 10:00:00 PM,16.625000,LZ_CPS
6/5/2020 10:00:00 PM,16.627500,LZ_HOUSTON
6/5/2020 10:00:00 PM,16.625000,LZ_LCRA
6/5/2020 10:00:00 PM,16.560000,LZ_NORTH
6/5/2020 10:00:00 PM,16.565000,LZ_RAYBN
6/5/2020 10:00:00 PM,16.625000,LZ_SOUTH
6/5/2020 10:00:00 PM,16.527500,LZ_WEST
6/5/2020 11:00:00 PM,14.917500,LZ_AEN
6/5/2020 11:00:00 PM,14.897500,LZ_CPS
6/5/2020 11:00:00 PM,14.907500,LZ_HOUSTON
6/5/2020 11:00:00 PM,14.905000,LZ_LCRA
6/5/2020 11:00:00 PM,14.710000,LZ_NORTH
6/5/2020 11:00:00 PM,14.725000,LZ_RAYBN
6/5/2020 11:00:00 PM,14.902500,LZ_SOUTH
6/5/2020 11:00:00 PM,14.695000,LZ_WEST
6/6/2020 12:00:00 AM,14.997500,LZ_AEN
6/6/2020 12:00:00 AM,14.997500,LZ_CPS
6/6/2020 12:00:00 AM,14.997500,LZ_HOUSTON
6/6/2020 12:00:00 AM,14.997500,LZ_LCRA
6/6/2020 12:00:00 AM,14.997500,LZ_NORTH
6/6/2020 12:00:00 AM,14.997500,LZ_RAYBN
6/6/2020 12:00:00 AM,14.997500,LZ_SOUTH
6/6/2020 12:00:00 AM,14.957500,LZ_WEST
6/6/2020 1:00:00 AM,13.837500,LZ_AEN
6/6/2020 1:00:00 AM,13.835000,LZ_CPS
6/6/2020 1:00:00 AM,13.850000,LZ_HOUSTON
6/6/2020 1:00:00 AM,13.837500,LZ_LCRA
6/6/2020 1:00:00 AM,13.852500,LZ_NORTH
6/6/2020 1:00:00 AM,13.877500,LZ_RAYBN
6/6/2020 1:00:00 AM,13.837500,LZ_SOUTH
6/6/2020 1:00:00 AM,13.747500,LZ_WEST
6/6/2020 2:00:00 AM,12.627500,LZ_AEN
6/6/2020 2:00:00 AM,12.627500,LZ_CPS
6/6/2020 2:00:00 AM,12.627500,LZ_HOUSTON
6/6/2020 2:00:00 AM,12.627500,LZ_LCRA
6/6/2020 2:00:00 AM,12.627500,LZ_NORTH
6/6/2020 2:00:00 AM,12.627500,LZ_RAYBN
6/6/2020 2:00:00 AM,12.627500,LZ_SOUTH
6/6/2020 2:00:00 AM,12.587500,LZ_WEST
6/6/2020 3:00:00 AM,12.192500,LZ_AEN
6/6/2020 3:00:00 AM,12.192500,LZ_CPS
6/6/2020 3:00:00 AM,12.192500,LZ_HOUSTON
6/6/2020 3:00:00 AM,12.192500,LZ_LCRA
6/6/2020 3:00:00 AM,12.192500,LZ_NORTH
6/6/2020 3:00:00 AM,12.192500,LZ_RAYBN
6/6/2020 3:00:00 AM,12.192500,LZ_SOUTH
6/6/2020 3:00:00 AM,12.150000,LZ_WEST
6/6/2020 4:00:00 AM,11.860000,LZ_AEN
6/6/2020 4:00:00 AM,11.860000,LZ_CPS
6/6/2020 4:00:00 AM,11.860000,LZ_HOUSTON
6/6/2020 4:00:00 AM,11.860000,LZ_LCRA
6/6/2020 4:00:00 AM,11.860000,LZ_NORTH
6/6/2020 4:00:00 AM,11.860000,LZ_RAYBN
6/6/2020 4:00:00 AM,11.860000,LZ_SOUTH
6/6/2020 4:00:00 AM,11.827500,LZ_WEST
6/6/2020 5:00:00 AM,12.142500,LZ_AEN
6/6/2020 5:00:00 AM,12.142500,LZ_CPS
6/6/2020 5:00:00 AM,12.142500,LZ_HOUSTON
6/6/2020 5:00:00 AM,12.142500,LZ_LCRA
6/6/2020 5:00:00 AM,12.142500,LZ_NORTH
6/6/2020 5:00:00 AM,12.142500,LZ_RAYBN
6/6/2020 5:00:00 AM,12.142500,LZ_SOUTH
6/6/2020 5:00:00 AM,12.115000,LZ_WEST
6/6/2020 6:00:00 AM,10.855000,LZ_AEN
6/6/2020 6:00:00 AM,10.855000,LZ_CPS
6/6/2020 6:00:00 AM,10.855000,LZ_HOUSTON
6/6/2020 6:00:00 AM,10.855000,LZ_LCRA
6/6/2020 6:00:00 AM,10.855000,LZ_NORTH
6/6/2020 6:00:00 AM,10.855000,LZ_RAYBN
6/6/2020 6:00:00 AM,10.855000,LZ_SOUTH
6/6/2020 6:00:00 AM,10.835000,LZ_WEST
6/6/2020 7:00:00 AM,11.602500,LZ_AEN
6/6/2020 7:00:00 AM,11.602500,LZ_CPS
6/6/2020 7:00:00 AM,11.602500,LZ_HOUSTON
6/6/2020 7:00:00 AM,11.602500,LZ_LCRA
6/6/2020 7:00:00 AM,11.602500,LZ_NORTH
6/6/2020 7:00:00 AM,11.602500,LZ_RAYBN
6/6/2020 7:00:00 AM,11.602500,LZ_SOUTH
6/6/2020 7:00:00 AM,11.597500,LZ_WEST
6/6/2020 8:00:00 AM,14.560000,LZ_AEN
6/6/2020 8:00:00 AM,14.560000,LZ_CPS
6/6/2020 8:00:00 AM,14.560000,LZ_HOUSTON
6/6/2020 8:00:00 AM,14.560000,LZ_LCRA
6/6/2020 8:00:00 AM,14.560000,LZ_NORTH
6/6/2020 8:00:00 AM,14.560000,LZ_RAYBN
6/6/2020 8:00:00 AM,14.560000,LZ_SOUTH
6/6/2020 8:00:00 AM,14.450000,LZ_WEST
6/6/2020 9:00:00 AM,16.485000,LZ_AEN
6/6/2020 9:00:00 AM,16.485000,LZ_CPS
6/6/2020 9:00:00 AM,16.485000,LZ_HOUSTON
6/6/2020 9:00:00 AM,16.477500,LZ_LCRA
6/6/2020 9:00:00 AM,16.485000,LZ_NORTH
6/6/2020 9:00:00 AM,16.485000,LZ_RAYBN
6/6/2020 9:00:00 AM,16.485000,LZ_SOUTH
6/6/2020 9:00:00 AM,16.205000,LZ_WEST
6/6/2020 10:00:00 AM,18.657500,LZ_AEN
6/6/2020 10:00:00 AM,18.657500,LZ_CPS
6/6/2020 10:00:00 AM,18.657500,LZ_HOUSTON
6/6/2020 10:00:00 AM,18.637500,LZ_LCRA
6/6/2020 10:00:00 AM,18.657500,LZ_NORTH
6/6/2020 10:00:00 AM,18.657500,LZ_RAYBN
6/6/2020 10:00:00 AM,18.657500,LZ_SOUTH
6/6/2020 10:00:00 AM,18.137500,LZ_WEST
6/6/2020 11:00:00 AM,23.680000,LZ_AEN
6/6/2020 11:00:00 AM,23.680000,LZ_CPS
6/6/2020 11:00:00 AM,23.680000,LZ_HOUSTON
6/6/2020 11:00:00 AM,23.662500,LZ_LCRA
6/6/2020 11:00:00 AM,23.680000,LZ_NORTH
6/6/2020 11:00:00 AM,23.680000,LZ_RAYBN
6/6/2020 11:00:00 AM,23.680000,LZ_SOUTH
6/6/2020 11:00:00 AM,23.082500,LZ_WEST
6/6/2020 12:00:00 PM,89.485000,LZ_AEN
6/6/2020 12:00:00 PM,60.940000,LZ_CPS
6/6/2020 12:00:00 PM,233.372500,LZ_HOUSTON
6/6/2020 12:00:00 PM,86.382500,LZ_LCRA
6/6/2020 12:00:00 PM,152.762500,LZ_NORTH
6/6/2020 12:00:00 PM,155.792500,LZ_RAYBN
6/6/2020 12:00:00 PM,49.165000,LZ_SOUTH
6/6/2020 12:00:00 PM,127.720000,LZ_WEST
6/6/2020 1:00:00 PM,25.892500,LZ_AEN
6/6/2020 1:00:00 PM,24.447500,LZ_CPS
6/6/2020 1:00:00 PM,33.177500,LZ_HOUSTON
6/6/2020 1:00:00 PM,25.722500,LZ_LCRA
6/6/2020 1:00:00 PM,29.097500,LZ_NORTH
6/6/2020 1:00:00 PM,29.250000,LZ_RAYBN
6/6/2020 1:00:00 PM,23.850000,LZ_SOUTH
6/6/2020 1:00:00 PM,27.590000,LZ_WEST
6/6/2020 2:00:00 PM,23.382500,LZ_AEN
6/6/2020 2:00:00 PM,22.415000,LZ_CPS
6/6/2020 2:00:00 PM,28.225000,LZ_HOUSTON
6/6/2020 2:00:00 PM,23.275000,LZ_LCRA
6/6/2020 2:00:00 PM,25.627500,LZ_NORTH
6/6/2020 2:00:00 PM,25.605000,LZ_RAYBN
6/6/2020 2:00:00 PM,22.032500,LZ_SOUTH
6/6/2020 2:00:00 PM,24.512500,LZ_WEST
6/6/2020 3:00:00 PM,21.530000,LZ_AEN
6/6/2020 3:00:00 PM,20.632500,LZ_CPS
6/6/2020 3:00:00 PM,25.815000,LZ_HOUSTON
6/6/2020 3:00:00 PM,21.385000,LZ_LCRA
6/6/2020 3:00:00 PM,24.360000,LZ_NORTH
6/6/2020 3:00:00 PM,23.450000,LZ_RAYBN
6/6/2020 3:00:00 PM,20.357500,LZ_SOUTH
6/6/2020 3:00:00 PM,21.107500,LZ_WEST
6/6/2020 4:00:00 PM,21.327500,LZ_AEN
6/6/2020 4:00:00 PM,20.675000,LZ_CPS
6/6/2020 4:00:00 PM,24.700000,LZ_HOUSTON
6/6/2020 4:00:00 PM,21.495000,LZ_LCRA
6/6/2020 4:00:00 PM,23.365000,LZ_NORTH
6/6/2020 4:00:00 PM,22.067500,LZ_RAYBN
6/6/2020 4:00:00 PM,20.380000,LZ_SOUTH
6/6/2020 4:00:00 PM,18.445000,LZ_WEST
6/6/2020 5:00:00 PM,20.462500,LZ_AEN
6/6/2020 5:00:00 PM,20.287500,LZ_CPS
6/6/2020 5:00:00 PM,21.345000,LZ_HOUSTON
6/6/2020 5:00:00 PM,20.252500,LZ_LCRA
6/6/2020 5:00:00 PM,23.592500,LZ_NORTH
6/6/2020 5:00:00 PM,21.622500,LZ_RAYBN
6/6/2020 5:00:00 PM,21.065000,LZ_SOUTH
6/6/2020 5:00:00 PM,12.600000,LZ_WEST
6/6/2020 6:00:00 PM,19.652500,LZ_AEN
6/6/2020 6:00:00 PM,19.587500,LZ_CPS
6/6/2020 6:00:00 PM,20.412500,LZ_HOUSTON
6/6/2020 6:00:00 PM,19.485000,LZ_LCRA
6/6/2020 6:00:00 PM,22.490000,LZ_NORTH
6/6/2020 6:00:00 PM,20.372500,LZ_RAYBN
6/6/2020 6:00:00 PM,20.317500,LZ_SOUTH
6/6/2020 6:00:00 PM,11.075000,LZ_WEST
6/6/2020 7:00:00 PM,19.007500,LZ_AEN
6/6/2020 7:00:00 PM,18.825000,LZ_CPS
6/6/2020 7:00:00 PM,19.472500,LZ_HOUSTON
6/6/2020 7:00:00 PM,18.890000,LZ_LCRA
6/6/2020 7:00:00 PM,21.017500,LZ_NORTH
6/6/2020 7:00:00 PM,19.462500,LZ_RAYBN
6/6/2020 7:00:00 PM,19.040000,LZ_SOUTH
6/6/2020 7:00:00 PM,15.252500,LZ_WEST
6/6/2020 8:00:00 PM,19.560000,LZ_AEN
6/6/2020 8:00:00 PM,19.560000,LZ_CPS
6/6/2020 8:00:00 PM,19.560000,LZ_HOUSTON
6/6/2020 8:00:00 PM,19.560000,LZ_LCRA
6/6/2020 8:00:00 PM,19.560000,LZ_NORTH
6/6/2020 8:00:00 PM,19.560000,LZ_RAYBN
6/6/2020 8:00:00 PM,19.560000,LZ_SOUTH
6/6/2020 8:00:00 PM,19.517500,LZ_WEST
6/6/2020 9:00:00 PM,18.685000,LZ_AEN
6/6/2020 9:00:00 PM,18.685000,LZ_CPS
6/6/2020 9:00:00 PM,18.685000,LZ_HOUSTON
6/6/2020 9:00:00 PM,18.685000,LZ_LCRA
6/6/2020 9:00:00 PM,18.685000,LZ_NORTH
6/6/2020 9:00:00 PM,18.685000,LZ_RAYBN
6/6/2020 9:00:00 PM,18.685000,LZ_SOUTH
6/6/2020 9:00:00 PM,18.647500,LZ_WEST
6/6/2020 10:00:00 PM,17.582500,LZ_AEN
6/6/2020 10:00:00 PM,17.582500,LZ_CPS
6/6/2020 10:00:00 PM,17.582500,LZ_HOUSTON
6/6/2020 10:00:00 PM,17.582500,LZ_LCRA
6/6/2020 10:00:00 PM,17.582500,LZ_NORTH
6/6/2020 10:00:00 PM,17.582500,LZ_RAYBN
6/6/2020 10:00:00 PM,17.582500,LZ_SOUTH
6/6/2020 10:00:00 PM,17.542500,LZ_WEST
6/6/2020 11:00:00 PM,15.877500,LZ_AEN
6/6/2020 11:00:00 PM,15.877500,LZ_CPS
6/6/2020 11:00:00 PM,15.877500,LZ_HOUSTON
6/6/2020 11:00:00 PM,15.877500,LZ_LCRA
6/6/2020 11:00:00 PM,15.877500,LZ_NORTH
6/6/2020 11:00:00 PM,15.877500,LZ_RAYBN
6/6/2020 11:00:00 PM,15.877500,LZ_SOUTH
6/6/2020 11:00:00 PM,15.837500,LZ_WEST
6/7/2020 12:00:00 AM,13.515000,LZ_AEN
6/7/2020 12:00:00 AM,13.515000,LZ_CPS
6/7/2020 12:00:00 AM,13.515000,LZ_HOUSTON
6/7/2020 12:00:00 AM,13.515000,LZ_LCRA
6/7/2020 12:00:00 AM,13.515000,LZ_NORTH
6/7/2020 12:00:00 AM,13.515000,LZ_RAYBN
6/7/2020 12:00:00 AM,13.515000,LZ_SOUTH
6/7/2020 12:00:00 AM,13.475000,LZ_WEST
6/7/2020 1:00:00 AM,11.830000,LZ_AEN
6/7/2020 1:00:00 AM,11.830000,LZ_CPS
6/7/2020 1:00:00 AM,11.830000,LZ_HOUSTON
6/7/2020 1:00:00 AM,11.830000,LZ_LCRA
6/7/2020 1:00:00 AM,11.830000,LZ_NORTH
6/7/2020 1:00:00 AM,11.830000,LZ_RAYBN
6/7/2020 1:00:00 AM,11.830000,LZ_SOUTH
6/7/2020 1:00:00 AM,11.790000,LZ_WEST
6/7/2020 2:00:00 AM,11.162500,LZ_AEN
6/7/2020 2:00:00 AM,11.162500,LZ_CPS
6/7/2020 2:00:00 AM,11.162500,LZ_HOUSTON
6/7/2020 2:00:00 AM,11.162500,LZ_LCRA
6/7/2020 2:00:00 AM,11.162500,LZ_NORTH
6/7/2020 2:00:00 AM,11.162500,LZ_RAYBN
6/7/2020 2:00:00 AM,11.162500,LZ_SOUTH
6/7/2020 2:00:00 AM,11.125000,LZ_WEST
6/7/2020 3:00:00 AM,10.207500,LZ_AEN
6/7/2020 3:00:00 AM,10.207500,LZ_CPS
6/7/2020 3:00:00 AM,10.207500,LZ_HOUSTON
6/7/2020 3:00:00 AM,10.207500,LZ_LCRA
6/7/2020 3:00:00 AM,10.207500,LZ_NORTH
6/7/2020 3:00:00 AM,10.207500,LZ_RAYBN
6/7/2020 3:00:00 AM,10.207500,LZ_SOUTH
6/7/2020 3:00:00 AM,10.165000,LZ_WEST
6/7/2020 4:00:00 AM,8.352500,LZ_AEN
6/7/2020 4:00:00 AM,8.352500,LZ_CPS
6/7/2020 4:00:00 AM,8.352500,LZ_HOUSTON
6/7/2020 4:00:00 AM,8.352500,LZ_LCRA
6/7/2020 4:00:00 AM,8.352500,LZ_NORTH
6/7/2020 4:00:00 AM,8.352500,LZ_RAYBN
6/7/2020 4:00:00 AM,8.352500,LZ_SOUTH
6/7/2020 4:00:00 AM,8.312500,LZ_WEST
6/7/2020 5:00:00 AM,8.857500,LZ_AEN
6/7/2020 5:00:00 AM,8.857500,LZ_CPS
6/7/2020 5:00:00 AM,8.857500,LZ_HOUSTON
6/7/2020 5:00:00 AM,8.857500,LZ_LCRA
6/7/2020 5:00:00 AM,8.857500,LZ_NORTH
6/7/2020 5:00:00 AM,8.857500,LZ_RAYBN
6/7/2020 5:00:00 AM,8.857500,LZ_SOUTH
6/7/2020 5:00:00 AM,8.830000,LZ_WEST
6/7/2020 6:00:00 AM,8.492500,LZ_AEN
6/7/2020 6:00:00 AM,8.492500,LZ_CPS
6/7/2020 6:00:00 AM,8.492500,LZ_HOUSTON
6/7/2020 6:00:00 AM,8.492500,LZ_LCRA
6/7/2020 6:00:00 AM,8.492500,LZ_NORTH
6/7/2020 6:00:00 AM,8.492500,LZ_RAYBN
6/7/2020 6:00:00 AM,8.492500,LZ_SOUTH
6/7/2020 6:00:00 AM,8.467500,LZ_WEST
6/7/2020 7:00:00 AM,9.867500,LZ_AEN
6/7/2020 7:00:00 AM,9.867500,LZ_CPS
6/7/2020 7:00:00 AM,9.867500,LZ_HOUSTON
6/7/2020 7:00:00 AM,9.867500,LZ_LCRA
6/7/2020 7:00:00 AM,9.867500,LZ_NORTH
6/7/2020 7:00:00 AM,9.867500,LZ_RAYBN
6/7/2020 7:00:00 AM,9.867500,LZ_SOUTH
6/7/2020 7:00:00 AM,9.847500,LZ_WEST
6/7/2020 8:00:00 AM,11.812500,LZ_AEN
6/7/2020 8:00:00 AM,11.812500,LZ_CPS
6/7/2020 8:00:00 AM,11.812500,LZ_HOUSTON
6/7/2020 8:00:00 AM,11.812500,LZ_LCRA
6/7/2020 8:00:00 AM,11.812500,LZ_NORTH
6/7/2020 8:00:00 AM,11.812500,LZ_RAYBN
6/7/2020 8:00:00 AM,11.812500,LZ_SOUTH
6/7/2020 8:00:00 AM,11.742500,LZ_WEST
6/7/2020 9:00:00 AM,12.980000,LZ_AEN
6/7/2020 9:00:00 AM,12.972500,LZ_CPS
6/7/2020 9:00:00 AM,12.975000,LZ_HOUSTON
6/7/2020 9:00:00 AM,12.972500,LZ_LCRA
6/7/2020 9:00:00 AM,12.905000,LZ_NORTH
6/7/2020 9:00:00 AM,12.912500,LZ_RAYBN
6/7/2020 9:00:00 AM,12.972500,LZ_SOUTH
6/7/2020 9:00:00 AM,12.732500,LZ_WEST
6/7/2020 10:00:00 AM,15.865000,LZ_AEN
6/7/2020 10:00:00 AM,15.840000,LZ_CPS
6/7/2020 10:00:00 AM,15.852500,LZ_HOUSTON
6/7/2020 10:00:00 AM,15.835000,LZ_LCRA
6/7/2020 10:00:00 AM,15.600000,LZ_NORTH
6/7/2020 10:00:00 AM,15.620000,LZ_RAYBN
6/7/2020 10:00:00 AM,15.847500,LZ_SOUTH
6/7/2020 10:00:00 AM,15.177500,LZ_WEST
6/7/2020 11:00:00 AM,17.722500,LZ_AEN
6/7/2020 11:00:00 AM,17.730000,LZ_CPS
6/7/2020 11:00:00 AM,17.712500,LZ_HOUSTON
6/7/2020 11:00:00 AM,17.705000,LZ_LCRA
6/7/2020 11:00:00 AM,17.600000,LZ_NORTH
6/7/2020 11:00:00 AM,17.602500,LZ_RAYBN
6/7/2020 11:00:00 AM,17.762500,LZ_SOUTH
6/7/2020 11:00:00 AM,17.015000,LZ_WEST
6/7/2020 12:00:00 PM,18.765000,LZ_AEN
6/7/2020 12:00:00 PM,18.977500,LZ_CPS
6/7/2020 12:00:00 PM,18.842500,LZ_HOUSTON
6/7/2020 12:00:00 PM,18.847500,LZ_LCRA
6/7/2020 12:00:00 PM,18.642500,LZ_NORTH
6/7/2020 12:00:00 PM,18.640000,LZ_RAYBN
6/7/2020 12:00:00 PM,20.240000,LZ_SOUTH
6/7/2020 12:00:00 PM,18.270000,LZ_WEST
6/7/2020 1:00:00 PM,19.955000,LZ_AEN
6/7/2020 1:00:00 PM,20.152500,LZ_CPS
6/7/2020 1:00:00 PM,20.110000,LZ_HOUSTON
6/7/2020 1:00:00 PM,20.032500,LZ_LCRA
6/7/2020 1:00:00 PM,20.072500,LZ_NORTH
6/7/2020 1:00:00 PM,20.075000,LZ_RAYBN
6/7/2020 1:00:00 PM,21.747500,LZ_SOUTH
6/7/2020 1:00:00 PM,20.157500,LZ_WEST
6/7/2020 2:00:00 PM,20.680000,LZ_AEN
6/7/2020 2:00:00 PM,21.000000,LZ_CPS
6/7/2020 2:00:00 PM,20.930000,LZ_HOUSTON
6/7/2020 2:00:00 PM,20.802500,LZ_LCRA
6/7/2020 2:00:00 PM,20.870000,LZ_NORTH
6/7/2020 2:00:00 PM,20.872500,LZ_RAYBN
6/7/2020 2:00:00 PM,23.605000,LZ_SOUTH
6/7/2020 2:00:00 PM,21.020000,LZ_WEST
6/7/2020 3:00:00 PM,21.502500,LZ_AEN
6/7/2020 3:00:00 PM,21.862500,LZ_CPS
6/7/2020 3:00:00 PM,21.785000,LZ_HOUSTON
6/7/2020 3:00:00 PM,21.640000,LZ_LCRA
6/7/2020 3:00:00 PM,21.715000,LZ_NORTH
6/7/2020 3:00:00 PM,21.722500,LZ_RAYBN
6/7/2020 3:00:00 PM,24.765000,LZ_SOUTH
6/7/2020 3:00:00 PM,21.890000,LZ_WEST
6/7/2020 4:00:00 PM,22.335000,LZ_AEN
6/7/2020 4:00:00 PM,22.447500,LZ_CPS
6/7/2020 4:00:00 PM,22.425000,LZ_HOUSTON
6/7/2020 4:00:00 PM,22.377500,LZ_LCRA
6/7/2020 4:00:00 PM,22.405000,LZ_NORTH
6/7/2020 4:00:00 PM,22.405000,LZ_RAYBN
6/7/2020 4:00:00 PM,23.395000,LZ_SOUTH
6/7/2020 4:00:00 PM,22.457500,LZ_WEST
6/7/2020 5:00:00 PM,22.420000,LZ_AEN
6/7/2020 5:00:00 PM,22.507500,LZ_CPS
6/7/2020 5:00:00 PM,22.490000,LZ_HOUSTON
6/7/2020 5:00:00 PM,22.452500,LZ_LCRA
6/7/2020 5:00:00 PM,22.472500,LZ_NORTH
6/7/2020 5:00:00 PM,22.472500,LZ_RAYBN
6/7/2020 5:00:00 PM,23.212500,LZ_SOUTH
6/7/2020 5:00:00 PM,22.512500,LZ_WEST
6/7/2020 6:00:00 PM,20.752500,LZ_AEN
6/7/2020 6:00:00 PM,20.897500,LZ_CPS
6/7/2020 6:00:00 PM,20.872500,LZ_HOUSTON
6/7/2020 6:00:00 PM,20.810000,LZ_LCRA
6/7/2020 6:00:00 PM,20.840000,LZ_NORTH
6/7/2020 6:00:00 PM,20.842500,LZ_RAYBN
6/7/2020 6:00:00 PM,22.102500,LZ_SOUTH
6/7/2020 6:00:00 PM,20.897500,LZ_WEST
6/7/2020 7:00:00 PM,19.655000,LZ_AEN
6/7/2020 7:00:00 PM,19.717500,LZ_CPS
6/7/2020 7:00:00 PM,19.705000,LZ_HOUSTON
6/7/2020 7:00:00 PM,19.680000,LZ_LCRA
6/7/2020 7:00:00 PM,19.692500,LZ_NORTH
6/7/2020 7:00:00 PM,19.697500,LZ_RAYBN
6/7/2020 7:00:00 PM,20.212500,LZ_SOUTH
6/7/2020 7:00:00 PM,19.712500,LZ_WEST
6/7/2020 8:00:00 PM,19.007500,LZ_AEN
6/7/2020 8:00:00 PM,19.160000,LZ_CPS
6/7/2020 8:00:00 PM,19.127500,LZ_HOUSTON
6/7/2020 8:00:00 PM,19.065000,LZ_LCRA
6/7/2020 8:00:00 PM,19.097500,LZ_NORTH
6/7/2020 8:00:00 PM,19.100000,LZ_RAYBN
6/7/2020 8:00:00 PM,20.395000,LZ_SOUTH
6/7/2020 8:00:00 PM,19.170000,LZ_WEST
6/7/2020 9:00:00 PM,17.387500,LZ_AEN
6/7/2020 9:00:00 PM,17.377500,LZ_CPS
6/7/2020 9:00:00 PM,17.382500,LZ_HOUSTON
6/7/2020 9:00:00 PM,17.380000,LZ_LCRA
6/7/2020 9:00:00 PM,17.295000,LZ_NORTH
6/7/2020 9:00:00 PM,17.302500,LZ_RAYBN
6/7/2020 9:00:00 PM,17.380000,LZ_SOUTH
6/7/2020 9:00:00 PM,17.305000,LZ_WEST
6/7/2020 10:00:00 PM,15.030000,LZ_AEN
6/7/2020 10:00:00 PM,15.015000,LZ_CPS
6/7/2020 10:00:00 PM,15.022500,LZ_HOUSTON
6/7/2020 10:00:00 PM,15.017500,LZ_LCRA
6/7/2020 10:00:00 PM,14.845000,LZ_NORTH
6/7/2020 10:00:00 PM,14.860000,LZ_RAYBN
6/7/2020 10:00:00 PM,15.015000,LZ_SOUTH
6/7/2020 10:00:00 PM,14.852500,LZ_WEST
6/7/2020 11:00:00 PM,12.260000,LZ_AEN
6/7/2020 11:00:00 PM,12.260000,LZ_CPS
6/7/2020 11:00:00 PM,12.260000,LZ_HOUSTON
6/7/2020 11:00:00 PM,12.260000,LZ_LCRA
6/7/2020 11:00:00 PM,12.260000,LZ_NORTH
6/7/2020 11:00:00 PM,12.260000,LZ_RAYBN
6/7/2020 11:00:00 PM,12.260000,LZ_SOUTH
6/7/2020 11:00:00 PM,12.245000,LZ_WEST
6/8/2020 12:00:00 AM,11.592500,LZ_AEN
6/8/2020 12:00:00 AM,11.592500,LZ_CPS
6/8/2020 12:00:00 AM,11.592500,LZ_HOUSTON
6/8/2020 12:00:00 AM,11.592500,LZ_LCRA
6/8/2020 12:00:00 AM,11.592500,LZ_NORTH
6/8/2020 12:00:00 AM,11.592500,LZ_RAYBN
6/8/2020 12:00:00 AM,11.592500,LZ_SOUTH
6/8/2020 12:00:00 AM,11.575000,LZ_WEST
6/8/2020 1:00:00 AM,10.730000,LZ_AEN
6/8/2020 1:00:00 AM,10.477500,LZ_CPS
6/8/2020 1:00:00 AM,11.742500,LZ_HOUSTON
6/8/2020 1:00:00 AM,10.582500,LZ_LCRA
6/8/2020 1:00:00 AM,12.167500,LZ_NORTH
6/8/2020 1:00:00 AM,14.190000,LZ_RAYBN
6/8/2020 1:00:00 AM,10.700000,LZ_SOUTH
6/8/2020 1:00:00 AM,6.507500,LZ_WEST
6/8/2020 2:00:00 AM,9.265000,LZ_AEN
6/8/2020 2:00:00 AM,9.047500,LZ_CPS
6/8/2020 2:00:00 AM,10.122500,LZ_HOUSTON
6/8/2020 2:00:00 AM,9.135000,LZ_LCRA
6/8/2020 2:00:00 AM,10.522500,LZ_NORTH
6/8/2020 2:00:00 AM,12.222500,LZ_RAYBN
6/8/2020 2:00:00 AM,9.240000,LZ_SOUTH
6/8/2020 2:00:00 AM,5.652500,LZ_WEST
6/8/2020 3:00:00 AM,8.090000,LZ_AEN
6/8/2020 3:00:00 AM,8.090000,LZ_CPS
6/8/2020 3:00:00 AM,8.092500,LZ_HOUSTON
6/8/2020 3:00:00 AM,8.090000,LZ_LCRA
6/8/2020 3:00:00 AM,8.095000,LZ_NORTH
6/8/2020 3:00:00 AM,8.100000,LZ_RAYBN
6/8/2020 3:00:00 AM,8.090000,LZ_SOUTH
6/8/2020 3:00:00 AM,8.080000,LZ_WEST
6/8/2020 4:00:00 AM,8.667500,LZ_AEN
6/8/2020 4:00:00 AM,8.667500,LZ_CPS
6/8/2020 4:00:00 AM,8.667500,LZ_HOUSTON
6/8/2020 4:00:00 AM,8.667500,LZ_LCRA
6/8/2020 4:00:00 AM,8.667500,LZ_NORTH
6/8/2020 4:00:00 AM,8.667500,LZ_RAYBN
6/8/2020 4:00:00 AM,8.667500,LZ_SOUTH
6/8/2020 4:00:00 AM,8.667500,LZ_WEST
6/8/2020 5:00:00 AM,10.350000,LZ_AEN
6/8/2020 5:00:00 AM,10.350000,LZ_CPS
6/8/2020 5:00:00 AM,10.350000,LZ_HOUSTON
6/8/2020 5:00:00 AM,10.350000,LZ_LCRA
6/8/2020 5:00:00 AM,10.350000,LZ_NORTH
6/8/2020 5:00:00 AM,10.350000,LZ_RAYBN
6/8/2020 5:00:00 AM,10.350000,LZ_SOUTH
6/8/2020 5:00:00 AM,10.350000,LZ_WEST
6/8/2020 6:00:00 AM,8.580000,LZ_AEN
6/8/2020 6:00:00 AM,8.580000,LZ_CPS
6/8/2020 6:00:00 AM,8.580000,LZ_HOUSTON
6/8/2020 6:00:00 AM,8.580000,LZ_LCRA
6/8/2020 6:00:00 AM,8.580000,LZ_NORTH
6/8/2020 6:00:00 AM,8.580000,LZ_RAYBN
6/8/2020 6:00:00 AM,8.580000,LZ_SOUTH
6/8/2020 6:00:00 AM,8.580000,LZ_WEST
6/8/2020 7:00:00 AM,10.945000,LZ_AEN
6/8/2020 7:00:00 AM,10.945000,LZ_CPS
6/8/2020 7:00:00 AM,10.945000,LZ_HOUSTON
6/8/2020 7:00:00 AM,10.945000,LZ_LCRA
6/8/2020 7:00:00 AM,10.945000,LZ_NORTH
6/8/2020 7:00:00 AM,10.945000,LZ_RAYBN
6/8/2020 7:00:00 AM,10.945000,LZ_SOUTH
6/8/2020 7:00:00 AM,10.945000,LZ_WEST
6/8/2020 8:00:00 AM,12.715000,LZ_AEN
6/8/2020 8:00:00 AM,12.715000,LZ_CPS
6/8/2020 8:00:00 AM,12.715000,LZ_HOUSTON
6/8/2020 8:00:00 AM,12.715000,LZ_LCRA
6/8/2020 8:00:00 AM,12.715000,LZ_NORTH
6/8/2020 8:00:00 AM,12.715000,LZ_RAYBN
6/8/2020 8:00:00 AM,12.715000,LZ_SOUTH
6/8/2020 8:00:00 AM,12.715000,LZ_WEST
6/8/2020 9:00:00 AM,13.715000,LZ_AEN
6/8/2020 9:00:00 AM,13.900000,LZ_CPS
6/8/2020 9:00:00 AM,13.697500,LZ_HOUSTON
6/8/2020 9:00:00 AM,13.717500,LZ_LCRA
6/8/2020 9:00:00 AM,13.492500,LZ_NORTH
6/8/2020 9:00:00 AM,13.492500,LZ_RAYBN
6/8/2020 9:00:00 AM,14.080000,LZ_SOUTH
6/8/2020 9:00:00 AM,13.080000,LZ_WEST
6/8/2020 10:00:00 AM,16.267500,LZ_AEN
6/8/2020 10:00:00 AM,16.375000,LZ_CPS
6/8/2020 10:00:00 AM,16.255000,LZ_HOUSTON
6/8/2020 10:00:00 AM,16.267500,LZ_LCRA
6/8/2020 10:00:00 AM,16.137500,LZ_NORTH
6/8/2020 10:00:00 AM,16.135000,LZ_RAYBN
6/8/2020 10:00:00 AM,16.480000,LZ_SOUTH
6/8/2020 10:00:00 AM,15.897500,LZ_WEST
6/8/2020 11:00:00 AM,19.215000,LZ_AEN
6/8/2020 11:00:00 AM,19.215000,LZ_CPS
6/8/2020 11:00:00 AM,19.215000,LZ_HOUSTON
6/8/2020 11:00:00 AM,19.215000,LZ_LCRA
6/8/2020 11:00:00 AM,19.215000,LZ_NORTH
6/8/2020 11:00:00 AM,19.215000,LZ_RAYBN
6/8/2020 11:00:00 AM,19.215000,LZ_SOUTH
6/8/2020 11:00:00 AM,19.215000,LZ_WEST
6/8/2020 12:00:00 PM,20.917500,LZ_AEN
6/8/2020 12:00:00 PM,20.917500,LZ_CPS
6/8/2020 12:00:00 PM,20.917500,LZ_HOUSTON
6/8/2020 12:00:00 PM,20.917500,LZ_LCRA
6/8/2020 12:00:00 PM,20.917500,LZ_NORTH
6/8/2020 12:00:00 PM,20.917500,LZ_RAYBN
6/8/2020 12:00:00 PM,20.917500,LZ_SOUTH
6/8/2020 12:00:00 PM,20.917500,LZ_WEST
6/8/2020 1:00:00 PM,22.830000,LZ_AEN
6/8/2020 1:00:00 PM,22.830000,LZ_CPS
6/8/2020 1:00:00 PM,22.830000,LZ_HOUSTON
6/8/2020 1:00:00 PM,22.830000,LZ_LCRA
6/8/2020 1:00:00 PM,22.830000,LZ_NORTH
6/8/2020 1:00:00 PM,22.830000,LZ_RAYBN
6/8/2020 1:00:00 PM,22.830000,LZ_SOUTH
6/8/2020 1:00:00 PM,22.830000,LZ_WEST
6/8/2020 2:00:00 PM,23.130000,LZ_AEN
6/8/2020 2:00:00 PM,23.130000,LZ_CPS
6/8/2020 2:00:00 PM,23.130000,LZ_HOUSTON
6/8/2020 2:00:00 PM,23.130000,LZ_LCRA
6/8/2020 2:00:00 PM,23.130000,LZ_NORTH
6/8/2020 2:00:00 PM,23.130000,LZ_RAYBN
6/8/2020 2:00:00 PM,23.130000,LZ_SOUTH
6/8/2020 2:00:00 PM,23.130000,LZ_WEST
6/8/2020 3:00:00 PM,21.975000,LZ_AEN
6/8/2020 3:00:00 PM,22.187500,LZ_CPS
6/8/2020 3:00:00 PM,22.297500,LZ_HOUSTON
6/8/2020 3:00:00 PM,23.160000,LZ_LCRA
6/8/2020 3:00:00 PM,22.445000,LZ_NORTH
6/8/2020 3:00:00 PM,22.417500,LZ_RAYBN
6/8/2020 3:00:00 PM,22.995000,LZ_SOUTH
6/8/2020 3:00:00 PM,22.395000,LZ_WEST
6/8/2020 4:00:00 PM,18.627500,LZ_AEN
6/8/2020 4:00:00 PM,20.735000,LZ_CPS
6/8/2020 4:00:00 PM,21.822500,LZ_HOUSTON
6/8/2020 4:00:00 PM,30.472500,LZ_LCRA
6/8/2020 4:00:00 PM,23.287500,LZ_NORTH
6/8/2020 4:00:00 PM,23.007500,LZ_RAYBN
6/8/2020 4:00:00 PM,28.882500,LZ_SOUTH
6/8/2020 4:00:00 PM,22.790000,LZ_WEST
6/8/2020 5:00:00 PM,17.700000,LZ_AEN
6/8/2020 5:00:00 PM,20.340000,LZ_CPS
6/8/2020 5:00:00 PM,21.705000,LZ_HOUSTON
6/8/2020 5:00:00 PM,32.700000,LZ_LCRA
6/8/2020 5:00:00 PM,23.550000,LZ_NORTH
6/8/2020 5:00:00 PM,23.200000,LZ_RAYBN
6/8/2020 5:00:00 PM,30.765000,LZ_SOUTH
6/8/2020 5:00:00 PM,22.922500,LZ_WEST
6/8/2020 6:00:00 PM,19.730000,LZ_AEN
6/8/2020 6:00:00 PM,20.055000,LZ_CPS
6/8/2020 6:00:00 PM,20.185000,LZ_HOUSTON
6/8/2020 6:00:00 PM,21.512500,LZ_LCRA
6/8/2020 6:00:00 PM,20.420000,LZ_NORTH
6/8/2020 6:00:00 PM,20.377500,LZ_RAYBN
6/8/2020 6:00:00 PM,21.742500,LZ_SOUTH
6/8/2020 6:00:00 PM,20.347500,LZ_WEST
6/8/2020 7:00:00 PM,19.150000,LZ_AEN
6/8/2020 7:00:00 PM,19.150000,LZ_CPS
6/8/2020 7:00:00 PM,19.150000,LZ_HOUSTON
6/8/2020 7:00:00 PM,19.150000,LZ_LCRA
6/8/2020 7:00:00 PM,19.150000,LZ_NORTH
6/8/2020 7:00:00 PM,19.150000,LZ_RAYBN
6/8/2020 7:00:00 PM,19.150000,LZ_SOUTH
6/8/2020 7:00:00 PM,19.150000,LZ_WEST
6/8/2020 8:00:00 PM,18.732500,LZ_AEN
6/8/2020 8:00:00 PM,18.732500,LZ_CPS
6/8/2020 8:00:00 PM,18.732500,LZ_HOUSTON
6/8/2020 8:00:00 PM,18.732500,LZ_LCRA
6/8/2020 8:00:00 PM,18.732500,LZ_NORTH
6/8/2020 8:00:00 PM,18.732500,LZ_RAYBN
6/8/2020 8:00:00 PM,18.732500,LZ_SOUTH
6/8/2020 8:00:00 PM,18.750000,LZ_WEST
6/8/2020 9:00:00 PM,16.365000,LZ_AEN
6/8/2020 9:00:00 PM,16.322500,LZ_CPS
6/8/2020 9:00:00 PM,16.587500,LZ_HOUSTON
6/8/2020 9:00:00 PM,16.362500,LZ_LCRA
6/8/2020 9:00:00 PM,16.462500,LZ_NORTH
6/8/2020 9:00:00 PM,16.467500,LZ_RAYBN
6/8/2020 9:00:00 PM,16.302500,LZ_SOUTH
6/8/2020 9:00:00 PM,16.440000,LZ_WEST
6/8/2020 10:00:00 PM,14.757500,LZ_AEN
6/8/2020 10:00:00 PM,14.650000,LZ_CPS
6/8/2020 10:00:00 PM,15.305000,LZ_HOUSTON
6/8/2020 10:00:00 PM,14.745000,LZ_LCRA
6/8/2020 10:00:00 PM,14.997500,LZ_NORTH
6/8/2020 10:00:00 PM,15.007500,LZ_RAYBN
6/8/2020 10:00:00 PM,14.605000,LZ_SOUTH
6/8/2020 10:00:00 PM,14.920000,LZ_WEST
6/8/2020 11:00:00 PM,13.805000,LZ_AEN
6/8/2020 11:00:00 PM,13.597500,LZ_CPS
6/8/2020 11:00:00 PM,15.070000,LZ_HOUSTON
6/8/2020 11:00:00 PM,13.785000,LZ_LCRA
6/8/2020 11:00:00 PM,14.280000,LZ_NORTH
6/8/2020 11:00:00 PM,14.300000,LZ_RAYBN
6/8/2020 11:00:00 PM,13.502500,LZ_SOUTH
6/8/2020 11:00:00 PM,14.127500,LZ_WEST
6/9/2020 12:00:00 AM,13.892500,LZ_AEN
6/9/2020 12:00:00 AM,13.450000,LZ_CPS
6/9/2020 12:00:00 AM,16.127500,LZ_HOUSTON
6/9/2020 12:00:00 AM,13.845000,LZ_LCRA
6/9/2020 12:00:00 AM,14.877500,LZ_NORTH
6/9/2020 12:00:00 AM,14.920000,LZ_RAYBN
6/9/2020 12:00:00 AM,13.257500,LZ_SOUTH
6/9/2020 12:00:00 AM,14.552500,LZ_WEST
6/9/2020 1:00:00 AM,13.225000,LZ_AEN
6/9/2020 1:00:00 AM,12.980000,LZ_CPS
6/9/2020 1:00:00 AM,14.622500,LZ_HOUSTON
6/9/2020 1:00:00 AM,13.207500,LZ_LCRA
6/9/2020 1:00:00 AM,13.875000,LZ_NORTH
6/9/2020 1:00:00 AM,13.902500,LZ_RAYBN
6/9/2020 1:00:00 AM,12.460000,LZ_SOUTH
6/9/2020 1:00:00 AM,13.712500,LZ_WEST
6/9/2020 2:00:00 AM,12.492500,LZ_AEN
6/9/2020 2:00:00 AM,12.477500,LZ_CPS
6/9/2020 2:00:00 AM,12.542500,LZ_HOUSTON
6/9/2020 2:00:00 AM,12.490000,LZ_LCRA
6/9/2020 2:00:00 AM,12.515000,LZ_NORTH
6/9/2020 2:00:00 AM,12.515000,LZ_RAYBN
6/9/2020 2:00:00 AM,12.472500,LZ_SOUTH
6/9/2020 2:00:00 AM,12.505000,LZ_WEST
6/9/2020 3:00:00 AM,12.422500,LZ_AEN
6/9/2020 3:00:00 AM,12.412500,LZ_CPS
6/9/2020 3:00:00 AM,12.475000,LZ_HOUSTON
6/9/2020 3:00:00 AM,12.422500,LZ_LCRA
6/9/2020 3:00:00 AM,12.447500,LZ_NORTH
6/9/2020 3:00:00 AM,12.447500,LZ_RAYBN
6/9/2020 3:00:00 AM,12.407500,LZ_SOUTH
6/9/2020 3:00:00 AM,12.435000,LZ_WEST
6/9/2020 4:00:00 AM,11.800000,LZ_AEN
6/9/2020 4:00:00 AM,11.785000,LZ_CPS
6/9/2020 4:00:00 AM,11.862500,LZ_HOUSTON
6/9/2020 4:00:00 AM,11.790000,LZ_LCRA
6/9/2020 4:00:00 AM,11.925000,LZ_NORTH
6/9/2020 4:00:00 AM,12.067500,LZ_RAYBN
6/9/2020 4:00:00 AM,11.800000,LZ_SOUTH
6/9/2020 4:00:00 AM,11.547500,LZ_WEST
6/9/2020 5:00:00 AM,11.967500,LZ_AEN
6/9/2020 5:00:00 AM,11.957500,LZ_CPS
6/9/2020 5:00:00 AM,12.020000,LZ_HOUSTON
6/9/2020 5:00:00 AM,11.962500,LZ_LCRA
6/9/2020 5:00:00 AM,12.065000,LZ_NORTH
6/9/2020 5:00:00 AM,12.177500,LZ_RAYBN
6/9/2020 5:00:00 AM,11.967500,LZ_SOUTH
6/9/2020 5:00:00 AM,11.752500,LZ_WEST
6/9/2020 6:00:00 AM,8.312500,LZ_AEN
6/9/2020 6:00:00 AM,8.315000,LZ_CPS
6/9/2020 6:00:00 AM,8.312500,LZ_HOUSTON
6/9/2020 6:00:00 AM,8.312500,LZ_LCRA
6/9/2020 6:00:00 AM,8.312500,LZ_NORTH
6/9/2020 6:00:00 AM,8.312500,LZ_RAYBN
6/9/2020 6:00:00 AM,8.312500,LZ_SOUTH
6/9/2020 6:00:00 AM,8.300000,LZ_WEST
6/9/2020 7:00:00 AM,8.360000,LZ_AEN
6/9/2020 7:00:00 AM,10.360000,LZ_CPS
6/9/2020 7:00:00 AM,8.345000,LZ_HOUSTON
6/9/2020 7:00:00 AM,7.967500,LZ_LCRA
6/9/2020 7:00:00 AM,7.142500,LZ_NORTH
6/9/2020 7:00:00 AM,7.137500,LZ_RAYBN
6/9/2020 7:00:00 AM,9.265000,LZ_SOUTH
6/9/2020 7:00:00 AM,5.650000,LZ_WEST
6/9/2020 8:00:00 AM,10.045000,LZ_AEN
6/9/2020 8:00:00 AM,15.540000,LZ_CPS
6/9/2020 8:00:00 AM,10.450000,LZ_HOUSTON
6/9/2020 8:00:00 AM,8.722500,LZ_LCRA
6/9/2020 8:00:00 AM,7.960000,LZ_NORTH
6/9/2020 8:00:00 AM,7.767500,LZ_RAYBN
6/9/2020 8:00:00 AM,12.567500,LZ_SOUTH
6/9/2020 8:00:00 AM,1.882500,LZ_WEST
6/9/2020 9:00:00 AM,10.452500,LZ_AEN
6/9/2020 9:00:00 AM,15.740000,LZ_CPS
6/9/2020 9:00:00 AM,12.412500,LZ_HOUSTON
6/9/2020 9:00:00 AM,8.850000,LZ_LCRA
6/9/2020 9:00:00 AM,11.067500,LZ_NORTH
6/9/2020 9:00:00 AM,10.402500,LZ_RAYBN
6/9/2020 9:00:00 AM,12.720000,LZ_SOUTH
6/9/2020 9:00:00 AM,0.930000,LZ_WEST
6/9/2020 10:00:00 AM,12.095000,LZ_AEN
6/9/2020 10:00:00 AM,15.542500,LZ_CPS
6/9/2020 10:00:00 AM,15.692500,LZ_HOUSTON
6/9/2020 10:00:00 AM,10.625000,LZ_LCRA
6/9/2020 10:00:00 AM,22.355000,LZ_NORTH
6/9/2020 10:00:00 AM,19.987500,LZ_RAYBN
6/9/2020 10:00:00 AM,13.647500,LZ_SOUTH
6/9/2020 10:00:00 AM,0.140000,LZ_WEST
6/9/2020 11:00:00 AM,14.962500,LZ_AEN
6/9/2020 11:00:00 AM,14.835000,LZ_CPS
6/9/2020 11:00:00 AM,20.427500,LZ_HOUSTON
6/9/2020 11:00:00 AM,14.120000,LZ_LCRA
6/9/2020 11:00:00 AM,49.415000,LZ_NORTH
6/9/2020 11:00:00 AM,52.952500,LZ_RAYBN
6/9/2020 11:00:00 AM,16.387500,LZ_SOUTH
6/9/2020 11:00:00 AM,-0.370000,LZ_WEST
6/9/2020 12:00:00 PM,15.327500,LZ_AEN
6/9/2020 12:00:00 PM,19.020000,LZ_CPS
6/9/2020 12:00:00 PM,16.972500,LZ_HOUSTON
6/9/2020 12:00:00 PM,14.147500,LZ_LCRA
6/9/2020 12:00:00 PM,20.295000,LZ_NORTH
6/9/2020 12:00:00 PM,18.660000,LZ_RAYBN
6/9/2020 12:00:00 PM,18.822500,LZ_SOUTH
6/9/2020 12:00:00 PM,1.890000,LZ_WEST
6/9/2020 1:00:00 PM,17.825000,LZ_AEN
6/9/2020 1:00:00 PM,20.237500,LZ_CPS
6/9/2020 1:00:00 PM,31.752500,LZ_HOUSTON
6/9/2020 1:00:00 PM,17.482500,LZ_LCRA
6/9/2020 1:00:00 PM,20.620000,LZ_NORTH
6/9/2020 1:00:00 PM,18.092500,LZ_RAYBN
6/9/2020 1:00:00 PM,21.792500,LZ_SOUTH
6/9/2020 1:00:00 PM,5.862500,LZ_WEST
6/9/2020 2:00:00 PM,19.990000,LZ_AEN
6/9/2020 2:00:00 PM,20.910000,LZ_CPS
6/9/2020 2:00:00 PM,19.040000,LZ_HOUSTON
6/9/2020 2:00:00 PM,19.977500,LZ_LCRA
6/9/2020 2:00:00 PM,18.555000,LZ_NORTH
6/9/2020 2:00:00 PM,16.990000,LZ_RAYBN
6/9/2020 2:00:00 PM,21.905000,LZ_SOUTH
6/9/2020 2:00:00 PM,9.620000,LZ_WEST
6/9/2020 3:00:00 PM,23.625000,LZ_AEN
6/9/2020 3:00:00 PM,20.720000,LZ_CPS
6/9/2020 3:00:00 PM,23.555000,LZ_HOUSTON
6/9/2020 3:00:00 PM,22.695000,LZ_LCRA
6/9/2020 3:00:00 PM,18.715000,LZ_NORTH
6/9/2020 3:00:00 PM,17.502500,LZ_RAYBN
6/9/2020 3:00:00 PM,21.960000,LZ_SOUTH
6/9/2020 3:00:00 PM,8.605000,LZ_WEST
6/9/2020 4:00:00 PM,22.837500,LZ_AEN
6/9/2020 4:00:00 PM,20.492500,LZ_CPS
6/9/2020 4:00:00 PM,22.175000,LZ_HOUSTON
6/9/2020 4:00:00 PM,22.417500,LZ_LCRA
6/9/2020 4:00:00 PM,18.262500,LZ_NORTH
6/9/2020 4:00:00 PM,16.637500,LZ_RAYBN
6/9/2020 4:00:00 PM,21.577500,LZ_SOUTH
6/9/2020 4:00:00 PM,10.392500,LZ_WEST
6/9/2020 5:00:00 PM,20.987500,LZ_AEN
6/9/2020 5:00:00 PM,20.127500,LZ_CPS
6/9/2020 5:00:00 PM,18.757500,LZ_HOUSTON
6/9/2020 5:00:00 PM,20.500000,LZ_LCRA
6/9/2020 5:00:00 PM,18.197500,LZ_NORTH
6/9/2020 5:00:00 PM,16.885000,LZ_RAYBN
6/9/2020 5:00:00 PM,21.035000,LZ_SOUTH
6/9/2020 5:00:00 PM,14.272500,LZ_WEST
6/9/2020 6:00:00 PM,21.537500,LZ_AEN
6/9/2020 6:00:00 PM,19.590000,LZ_CPS
6/9/2020 6:00:00 PM,18.060000,LZ_HOUSTON
6/9/2020 6:00:00 PM,20.517500,LZ_LCRA
6/9/2020 6:00:00 PM,17.252500,LZ_NORTH
6/9/2020 6:00:00 PM,16.380000,LZ_RAYBN
6/9/2020 6:00:00 PM,20.005000,LZ_SOUTH
6/9/2020 6:00:00 PM,15.450000,LZ_WEST
6/9/2020 7:00:00 PM,19.912500,LZ_AEN
6/9/2020 7:00:00 PM,18.975000,LZ_CPS
6/9/2020 7:00:00 PM,18.080000,LZ_HOUSTON
6/9/2020 7:00:00 PM,19.342500,LZ_LCRA
6/9/2020 7:00:00 PM,17.670000,LZ_NORTH
6/9/2020 7:00:00 PM,17.020000,LZ_RAYBN
6/9/2020 7:00:00 PM,19.017500,LZ_SOUTH
6/9/2020 7:00:00 PM,16.415000,LZ_WEST
6/9/2020 8:00:00 PM,18.990000,LZ_AEN
6/9/2020 8:00:00 PM,18.965000,LZ_CPS
6/9/2020 8:00:00 PM,18.957500,LZ_HOUSTON
6/9/2020 8:00:00 PM,18.972500,LZ_LCRA
6/9/2020 8:00:00 PM,18.782500,LZ_NORTH
6/9/2020 8:00:00 PM,18.795000,LZ_RAYBN
6/9/2020 8:00:00 PM,18.967500,LZ_SOUTH
6/9/2020 8:00:00 PM,18.820000,LZ_WEST
6/9/2020 9:00:00 PM,17.780000,LZ_AEN
6/9/2020 9:00:00 PM,17.770000,LZ_CPS
6/9/2020 9:00:00 PM,17.772500,LZ_HOUSTON
6/9/2020 9:00:00 PM,17.772500,LZ_LCRA
6/9/2020 9:00:00 PM,17.675000,LZ_NORTH
6/9/2020 9:00:00 PM,17.682500,LZ_RAYBN
6/9/2020 9:00:00 PM,17.772500,LZ_SOUTH
6/9/2020 9:00:00 PM,17.695000,LZ_WEST
6/9/2020 10:00:00 PM,17.272500,LZ_AEN
6/9/2020 10:00:00 PM,17.252500,LZ_CPS
6/9/2020 10:00:00 PM,17.262500,LZ_HOUSTON
6/9/2020 10:00:00 PM,17.262500,LZ_LCRA
6/9/2020 10:00:00 PM,17.050000,LZ_NORTH
6/9/2020 10:00:00 PM,17.065000,LZ_RAYBN
6/9/2020 10:00:00 PM,17.260000,LZ_SOUTH
6/9/2020 10:00:00 PM,17.097500,LZ_WEST
6/9/2020 11:00:00 PM,15.725000,LZ_AEN
6/9/2020 11:00:00 PM,15.697500,LZ_CPS
6/9/2020 11:00:00 PM,15.705000,LZ_HOUSTON
6/9/2020 11:00:00 PM,15.705000,LZ_LCRA
6/9/2020 11:00:00 PM,15.415000,LZ_NORTH
6/9/2020 11:00:00 PM,15.435000,LZ_RAYBN
6/9/2020 11:00:00 PM,15.700000,LZ_SOUTH
6/9/2020 11:00:00 PM,15.477500,LZ_WEST
6/10/2020 12:00:00 AM,14.920000,LZ_AEN
6/10/2020 12:00:00 AM,14.900000,LZ_CPS
6/10/2020 12:00:00 AM,14.910000,LZ_HOUSTON
6/10/2020 12:00:00 AM,14.907500,LZ_LCRA
6/10/2020 12:00:00 AM,14.660000,LZ_NORTH
6/10/2020 12:00:00 AM,14.672500,LZ_RAYBN
6/10/2020 12:00:00 AM,14.902500,LZ_SOUTH
6/10/2020 12:00:00 AM,14.715000,LZ_WEST
